time_ns,sample,rst,start,busy,done,cycle_count,pe_active_hex,active_count,c00,c03,c30,c33
5,0,1,0,0,0,0,0,0,0,0,0,0
15,1,1,0,0,0,0,0,0,0,0,0,0
25,2,1,0,0,0,0,0,0,0,0,0,0
35,3,0,0,0,0,0,0,0,0,0,0,0
45,4,0,1,1,0,0,0,0,0,0,0,0
55,5,0,0,1,0,1,1,1,0,0,0,0
65,6,0,0,1,0,2,19,3,0,0,0,0
75,7,0,0,1,0,3,311,6,0,0,0,0
85,8,0,0,1,0,4,4991,10,0,0,0,0
95,9,0,0,1,0,5,14334,12,0,0,0,0
105,10,0,0,1,0,6,32748,12,0,0,0,0
115,11,0,0,1,0,7,65224,10,0,0,0,0
125,12,0,0,1,0,8,60544,6,0,0,0,0
135,13,0,0,1,0,9,51200,3,0,0,0,0
145,14,0,0,0,0,9,32768,1,0,0,0,0
155,15,0,0,0,1,9,32768,1,0,0,0,0
165,16,0,1,1,0,0,0,0,0,0,0,0
175,17,0,0,1,0,1,1,1,-7,0,0,0
185,18,0,0,1,0,2,19,3,-7,0,0,0
195,19,0,0,1,0,3,311,6,-7,0,0,0
205,20,0,0,1,0,4,4991,10,-7,-4,0,0
215,21,0,0,1,0,5,14334,12,-7,-4,0,0
225,22,0,0,1,0,6,32748,12,-7,-4,0,0
235,23,0,0,1,0,7,65224,10,-7,-4,5,0
245,24,0,0,1,0,8,60544,6,-7,-4,5,0
255,25,0,0,1,0,9,51200,3,-7,-4,5,0
265,26,0,0,0,0,9,32768,1,-7,-4,5,8
275,27,0,0,0,1,9,32768,1,-7,-4,5,8
285,28,0,1,1,0,0,0,0,0,0,0,0
295,29,0,0,1,0,1,1,1,0,0,0,0
305,30,0,0,1,0,2,19,3,7,0,0,0
315,31,0,0,1,0,3,311,6,-120,0,0,0
325,32,0,0,1,0,4,4991,10,769,0,-16256,0
335,33,0,0,1,0,5,14334,12,769,-1,-15962,0
345,34,0,0,1,0,6,32748,12,769,63,-24090,0
355,35,0,0,1,0,7,65224,10,769,-64,-24041,8192
365,36,0,0,1,0,8,60544,6,769,-64,-24041,8150
375,37,0,0,1,0,9,51200,3,769,-64,-24041,12246
385,38,0,0,0,0,9,32768,1,769,-64,-24041,12239
395,39,0,0,0,1,9,32768,1,769,-64,-24041,12239
405,40,0,1,1,0,0,0,0,0,0,0,0
415,41,0,0,1,0,1,1,1,-10,0,0,0
425,42,0,0,1,0,2,19,3,-22,0,0,0
435,43,0,0,1,0,3,311,6,-2,0,0,0
445,44,0,0,1,0,4,4991,10,-14,20,6,0
455,45,0,0,1,0,5,14334,12,-14,8,26,0
465,46,0,0,1,0,6,32748,12,-14,28,14,0
475,47,0,0,1,0,7,65224,10,-14,34,34,-12
485,48,0,0,1,0,8,60544,6,-14,34,34,8
495,49,0,0,1,0,9,51200,3,-14,34,34,-4
505,50,0,0,0,0,9,32768,1,-14,34,34,-14
515,51,0,0,0,1,9,32768,1,-14,34,34,-14
525,52,0,1,1,0,0,0,0,0,0,0,0
535,53,0,0,1,0,1,1,1,0,0,0,0
545,54,0,0,1,0,2,19,3,-18,0,0,0
555,55,0,0,1,0,3,311,6,-22,0,0,0
565,56,0,0,1,0,4,4991,10,-14,0,56,0
575,57,0,0,1,0,5,14334,12,-14,30,50,0
585,58,0,0,1,0,6,32748,12,-14,42,47,0
595,59,0,0,1,0,7,65224,10,-14,54,43,48
605,60,0,0,1,0,8,60544,6,-14,54,43,58
615,61,0,0,1,0,9,51200,3,-14,54,43,67
625,62,0,0,0,0,9,32768,1,-14,54,43,61
635,63,0,0,0,1,9,32768,1,-14,54,43,61
645,64,0,1,1,0,0,0,0,0,0,0,0
655,65,0,0,1,0,1,1,1,-12,0,0,0
665,66,0,0,1,0,2,19,3,23,0,0,0
675,67,0,0,1,0,3,311,6,35,0,0,0
685,68,0,0,1,0,4,4991,10,56,24,-10,0
695,69,0,0,1,0,5,14334,12,56,-32,-10,0
705,70,0,0,1,0,6,32748,12,56,-18,-22,0
715,71,0,0,1,0,7,65224,10,56,17,-22,20
725,72,0,0,1,0,8,60544,6,56,17,-22,20
735,73,0,0,1,0,9,51200,3,56,17,-22,6
745,74,0,0,0,0,9,32768,1,56,17,-22,6
755,75,0,0,0,1,9,32768,1,56,17,-22,6
765,76,0,1,1,0,0,0,0,0,0,0,0
775,77,0,0,1,0,1,1,1,-24,0,0,0
785,78,0,0,1,0,2,19,3,11,0,0,0
795,79,0,0,1,0,3,311,6,29,0,0,0
805,80,0,0,1,0,4,4991,10,1,-18,8,0
815,81,0,0,1,0,5,14334,12,1,-18,-20,0
825,82,0,0,1,0,6,32748,12,1,-30,-56,0
835,83,0,0,1,0,7,65224,10,1,-72,-56,6
845,84,0,0,1,0,8,60544,6,1,-72,-56,6
855,85,0,0,1,0,9,51200,3,1,-72,-56,30
865,86,0,0,0,0,9,32768,1,1,-72,-56,30
875,87,0,0,0,1,9,32768,1,1,-72,-56,30
885,88,0,1,1,0,0,0,0,0,0,0,0
895,89,0,0,1,0,1,1,1,4,0,0,0
905,90,0,0,1,0,2,19,3,4,0,0,0
915,91,0,0,1,0,3,311,6,7,0,0,0
925,92,0,0,1,0,4,4991,10,16,0,4,0
935,93,0,0,1,0,5,14334,12,16,-64,4,0
945,94,0,0,1,0,6,32748,12,16,-70,28,0
955,95,0,0,1,0,7,65224,10,16,-67,49,0
965,96,0,0,1,0,8,60544,6,16,-67,49,24
975,97,0,0,1,0,9,51200,3,16,-67,49,-24
985,98,0,0,0,0,9,32768,1,16,-67,49,-17
995,99,0,0,0,1,9,32768,1,16,-67,49,-17
1005,100,0,1,1,0,0,0,0,0,0,0,0
1015,101,0,0,1,0,1,1,1,-10,0,0,0
1025,102,0,0,1,0,2,19,3,-52,0,0,0
1035,103,0,0,1,0,3,311,6,-72,0,0,0
1045,104,0,0,1,0,4,4991,10,-102,8,30,0
1055,105,0,0,1,0,5,14334,12,-102,8,-6,0
1065,106,0,0,1,0,6,32748,12,-102,38,2,0
1075,107,0,0,1,0,7,65224,10,-102,14,-13,-24
1085,108,0,0,1,0,8,60544,6,-102,14,-13,-24
1095,109,0,0,1,0,9,51200,3,-102,14,-13,-36
1105,110,0,0,0,0,9,32768,1,-102,14,-13,-48
1115,111,0,0,0,1,9,32768,1,-102,14,-13,-48
1125,112,0,1,1,0,0,0,0,0,0,0,0
1135,113,0,0,1,0,1,1,1,-18,0,0,0
1145,114,0,0,1,0,2,19,3,-16,0,0,0
1155,115,0,0,1,0,3,311,6,14,0,0,0
1165,116,0,0,1,0,4,4991,10,35,0,-12,0
1175,117,0,0,1,0,5,14334,12,35,8,-16,0
1185,118,0,0,1,0,6,32748,12,35,8,-34,0
1195,119,0,0,1,0,7,65224,10,35,20,-76,0
1205,120,0,0,1,0,8,60544,6,35,20,-76,-16
1215,121,0,0,1,0,9,51200,3,35,20,-76,-16
1225,122,0,0,0,0,9,32768,1,35,20,-76,-40
1235,123,0,0,0,1,9,32768,1,35,20,-76,-40
1245,124,0,1,1,0,0,0,0,0,0,0,0
1255,125,0,0,1,0,1,1,1,9,0,0,0
1265,126,0,0,1,0,2,19,3,7,0,0,0
1275,127,0,0,1,0,3,311,6,-49,0,0,0
1285,128,0,0,1,0,4,4991,10,-64,15,-15,0
1295,129,0,0,1,0,5,14334,12,-64,15,-7,0
1305,130,0,0,1,0,6,32748,12,-64,-20,-31,0
1315,131,0,0,1,0,7,65224,10,-64,-35,9,-25
1325,132,0,0,1,0,8,60544,6,-64,-35,9,-25
1335,133,0,0,1,0,9,51200,3,-64,-35,9,-40
1345,134,0,0,0,0,9,32768,1,-64,-35,9,0
1355,135,0,0,0,1,9,32768,1,-64,-35,9,0
1365,136,0,1,1,0,0,0,0,0,0,0,0
1375,137,0,0,1,0,1,1,1,8,0,0,0
1385,138,0,0,1,0,2,19,3,29,0,0,0
1395,139,0,0,1,0,3,311,6,54,0,0,0
1405,140,0,0,1,0,4,4991,10,62,32,-2,0
1415,141,0,0,1,0,5,14334,12,62,18,4,0
1425,142,0,0,1,0,6,32748,12,62,18,-1,0
1435,143,0,0,1,0,7,65224,10,62,32,11,-8
1445,144,0,0,1,0,8,60544,6,62,32,11,-12
1455,145,0,0,1,0,9,51200,3,62,32,11,-12
1465,146,0,0,0,0,9,32768,1,62,32,11,9
1475,147,0,0,0,1,9,32768,1,62,32,11,9
1485,148,0,1,1,0,0,0,0,0,0,0,0
1495,149,0,0,1,0,1,1,1,-20,0,0,0
1505,150,0,0,1,0,2,19,3,44,0,0,0
1515,151,0,0,1,0,3,311,6,53,0,0,0
1525,152,0,0,1,0,4,4991,10,88,20,-16,0
1535,153,0,0,1,0,5,14334,12,88,-28,24,0
1545,154,0,0,1,0,6,32748,12,88,-16,48,0
1555,155,0,0,1,0,7,65224,10,88,-16,63,16
1565,156,0,0,1,0,8,60544,6,88,-16,63,-14
1575,157,0,0,1,0,9,51200,3,88,-16,63,18
1585,158,0,0,0,0,9,32768,1,88,-16,63,18
1595,159,0,0,0,1,9,32768,1,88,-16,63,18
1605,160,0,1,1,0,0,0,0,0,0,0,0
1615,161,0,0,1,0,1,1,1,0,0,0,0
1625,162,0,0,1,0,2,19,3,0,0,0,0
1635,163,0,0,1,0,3,311,6,-24,0,0,0
1645,164,0,0,1,0,4,4991,10,-49,0,32,0
1655,165,0,0,1,0,5,14334,12,-49,0,60,0
1665,166,0,0,1,0,6,32748,12,-49,6,64,0
1675,167,0,0,1,0,7,65224,10,-49,-9,99,-4
1685,168,0,0,1,0,8,60544,6,-49,-9,99,12
1695,169,0,0,1,0,9,51200,3,-49,-9,99,11
1705,170,0,0,0,0,9,32768,1,-49,-9,99,32
1715,171,0,0,0,1,9,32768,1,-49,-9,99,32
1725,172,0,1,1,0,0,0,0,0,0,0,0
1735,173,0,0,1,0,1,1,1,-30,0,0,0
1745,174,0,0,1,0,2,19,3,-2,0,0,0
1755,175,0,0,1,0,3,311,6,-5,0,0,0
1765,176,0,0,1,0,4,4991,10,-9,-48,-15,0
1775,177,0,0,1,0,5,14334,12,-9,-27,-7,0
1785,178,0,0,1,0,6,32748,12,-9,-24,17,0
1795,179,0,0,1,0,7,65224,10,-9,-27,-3,-24
1805,180,0,0,1,0,8,60544,6,-9,-27,-3,-18
1815,181,0,0,1,0,9,51200,3,-9,-27,-3,-42
1825,182,0,0,0,0,9,32768,1,-9,-27,-3,-57
1835,183,0,0,0,1,9,32768,1,-9,-27,-3,-57
1845,184,0,1,1,0,0,0,0,0,0,0,0
1855,185,0,0,1,0,1,1,1,4,0,0,0
1865,186,0,0,1,0,2,19,3,-4,0,0,0
1875,187,0,0,1,0,3,311,6,-6,0,0,0
1885,188,0,0,1,0,4,4991,10,-38,-12,4,0
1895,189,0,0,1,0,5,14334,12,-38,-4,-4,0
1905,190,0,0,1,0,6,32748,12,-38,-4,-7,0
1915,191,0,0,1,0,7,65224,10,-38,-12,41,-12
1925,192,0,0,1,0,8,60544,6,-38,-12,41,-4
1935,193,0,0,1,0,9,51200,3,-38,-12,41,-4
1945,194,0,0,0,0,9,32768,1,-38,-12,41,8
1955,195,0,0,0,1,9,32768,1,-38,-12,41,8
1965,196,0,1,1,0,0,0,0,0,0,0,0
1975,197,0,0,1,0,1,1,1,6,0,0,0
1985,198,0,0,1,0,2,19,3,6,0,0,0
1995,199,0,0,1,0,3,311,6,30,0,0,0
2005,200,0,0,1,0,4,4991,10,30,-8,-9,0
2015,201,0,0,1,0,5,14334,12,30,-48,-9,0
2025,202,0,0,1,0,6,32748,12,30,-72,-17,0
2035,203,0,0,1,0,7,65224,10,30,-72,-17,12
2045,204,0,0,1,0,8,60544,6,30,-72,-17,60
2055,205,0,0,1,0,9,51200,3,30,-72,-17,68
2065,206,0,0,0,0,9,32768,1,30,-72,-17,68
2075,207,0,0,0,1,9,32768,1,30,-72,-17,68
2085,208,0,1,1,0,0,0,0,0,0,0,0
2095,209,0,0,1,0,1,1,1,-42,0,0,0
2105,210,0,0,1,0,2,19,3,7,0,0,0
2115,211,0,0,1,0,3,311,6,0,0,0,0
2125,212,0,0,1,0,4,4991,10,-32,-24,49,0
2135,213,0,0,1,0,5,14334,12,-32,-17,49,0
2145,214,0,0,1,0,6,32748,12,-32,-20,-7,0
2155,215,0,0,1,0,7,65224,10,-32,8,-7,28
2165,216,0,0,1,0,8,60544,6,-32,8,-7,28
2175,217,0,0,1,0,9,51200,3,-32,8,-7,4
2185,218,0,0,0,0,9,32768,1,-32,8,-7,4
2195,219,0,0,0,1,9,32768,1,-32,8,-7,4
2205,220,0,1,1,0,0,0,0,0,0,0,0
2215,221,0,0,1,0,1,1,1,10,0,0,0
2225,222,0,0,1,0,2,19,3,-2,0,0,0
2235,223,0,0,1,0,3,311,6,-16,0,0,0
2245,224,0,0,1,0,4,4991,10,-8,15,4,0
2255,225,0,0,1,0,5,14334,12,-8,23,13,0
2265,226,0,0,1,0,6,32748,12,-8,16,11,0
2275,227,0,0,1,0,7,65224,10,-8,14,-13,6
2285,228,0,0,1,0,8,60544,6,-8,14,-13,0
2295,229,0,0,1,0,9,51200,3,-8,14,-13,-1
2305,230,0,0,0,0,9,32768,1,-8,14,-13,5
2315,231,0,0,0,1,9,32768,1,-8,14,-13,5
2325,232,0,1,1,0,0,0,0,0,0,0,0
2335,233,0,0,1,0,1,1,1,48,0,0,0
2345,234,0,0,1,0,2,19,3,48,0,0,0
2355,235,0,0,1,0,3,311,6,52,0,0,0
2365,236,0,0,1,0,4,4991,10,36,-64,6,0
2375,237,0,0,1,0,5,14334,12,36,-64,6,0
2385,238,0,0,1,0,6,32748,12,36,-56,-8,0
2395,239,0,0,1,0,7,65224,10,36,-72,-6,-8
2405,240,0,0,1,0,8,60544,6,36,-72,-6,8
2415,241,0,0,1,0,9,51200,3,36,-72,-6,-20
2425,242,0,0,0,0,9,32768,1,36,-72,-6,-18
2435,243,0,0,0,1,9,32768,1,36,-72,-6,-18
2445,244,0,1,1,0,0,0,0,0,0,0,0
2455,245,0,0,1,0,1,1,1,16,0,0,0
2465,246,0,0,1,0,2,19,3,51,0,0,0
2475,247,0,0,1,0,3,311,6,51,0,0,0
2485,248,0,0,1,0,4,4991,10,47,-24,8,0
2495,249,0,0,1,0,5,14334,12,47,-34,22,0
2505,250,0,0,1,0,6,32748,12,47,-34,-20,0
2515,251,0,0,1,0,7,65224,10,47,-36,-8,-12
2525,252,0,0,1,0,8,60544,6,47,-36,-8,-16
2535,253,0,0,1,0,9,51200,3,47,-36,-8,-58
2545,254,0,0,0,0,9,32768,1,47,-36,-8,-52
2555,255,0,0,0,1,9,32768,1,47,-36,-8,-52
2565,256,0,1,1,0,0,0,0,0,0,0,0
2575,257,0,0,1,0,1,1,1,-2,0,0,0
2585,258,0,0,1,0,2,19,3,-7,0,0,0
2595,259,0,0,1,0,3,311,6,18,0,0,0
2605,260,0,0,1,0,4,4991,10,14,8,4,0
2615,261,0,0,1,0,5,14334,12,14,1,4,0
2625,262,0,0,1,0,6,32748,12,14,-4,39,0
2635,263,0,0,1,0,7,65224,10,14,3,35,-16
2645,264,0,0,1,0,8,60544,6,14,3,35,-16
2655,265,0,0,1,0,9,51200,3,14,3,35,-23
2665,266,0,0,0,0,9,32768,1,14,3,35,-16
2675,267,0,0,0,1,9,32768,1,14,3,35,-16
2685,268,0,1,1,0,0,0,0,0,0,0,0
2695,269,0,0,1,0,1,1,1,64,0,0,0
2705,270,0,0,1,0,2,19,3,76,0,0,0
2715,271,0,0,1,0,3,311,6,72,0,0,0
2725,272,0,0,1,0,4,4991,10,54,8,32,0
2735,273,0,0,1,0,5,14334,12,54,-34,40,0
2745,274,0,0,1,0,6,32748,12,54,-42,48,0
2755,275,0,0,1,0,7,65224,10,54,-30,78,4
2765,276,0,0,1,0,8,60544,6,54,-30,78,-24
2775,277,0,0,1,0,9,51200,3,54,-30,78,-8
2785,278,0,0,0,0,9,32768,1,54,-30,78,-28
2795,279,0,0,0,1,9,32768,1,54,-30,78,-28
2805,280,0,1,1,0,0,0,0,0,0,0,0
2815,281,0,0,1,0,1,1,1,35,0,0,0
2825,282,0,0,1,0,2,19,3,59,0,0,0
2835,283,0,0,1,0,3,311,6,51,0,0,0
2845,284,0,0,1,0,4,4991,10,72,-28,-35,0
2855,285,0,0,1,0,5,14334,12,72,-4,-55,0
2865,286,0,0,1,0,6,32748,12,72,-10,-59,0
2875,287,0,0,1,0,7,65224,10,72,18,-77,28
2885,288,0,0,1,0,8,60544,6,72,18,-77,8
2895,289,0,0,1,0,9,51200,3,72,18,-77,5
2905,290,0,0,0,0,9,32768,1,72,18,-77,-19
2915,291,0,0,0,1,9,32768,1,72,18,-77,-19
2925,292,0,1,1,0,0,0,0,0,0,0,0
2935,293,0,0,1,0,1,1,1,0,0,0,0
2945,294,0,0,1,0,2,19,3,16,0,0,0
2955,295,0,0,1,0,3,311,6,28,0,0,0
2965,296,0,0,1,0,4,4991,10,36,0,-30,0
2975,297,0,0,1,0,5,14334,12,36,6,-22,0
2985,298,0,0,1,0,6,32748,12,36,10,-31,0
2995,299,0,0,1,0,7,65224,10,36,-2,-51,-20
3005,300,0,0,1,0,8,60544,6,36,-2,-51,-17
3015,301,0,0,1,0,9,51200,3,36,-2,-51,-20
3025,302,0,0,0,0,9,32768,1,36,-2,-51,10
3035,303,0,0,0,1,9,32768,1,36,-2,-51,10
3045,304,0,1,1,0,0,0,0,0,0,0,0
3055,305,0,0,1,0,1,1,1,8,0,0,0
3065,306,0,0,1,0,2,19,3,8,0,0,0
3075,307,0,0,1,0,3,311,6,-28,0,0,0
3085,308,0,0,1,0,4,4991,10,-19,-16,-4,0
3095,309,0,0,1,0,5,14334,12,-19,-52,-4,0
3105,310,0,0,1,0,6,32748,12,-19,-70,2,0
3115,311,0,0,1,0,7,65224,10,-19,-67,5,8
3125,312,0,0,1,0,8,60544,6,-19,-67,5,-28
3135,313,0,0,1,0,9,51200,3,-19,-67,5,-25
3145,314,0,0,0,0,9,32768,1,-19,-67,5,-24
3155,315,0,0,0,1,9,32768,1,-19,-67,5,-24
3165,316,0,1,1,0,0,0,0,0,0,0,0
3175,317,0,0,1,0,1,1,1,-20,0,0,0
3185,318,0,0,1,0,2,19,3,-20,0,0,0
3195,319,0,0,1,0,3,311,6,-30,0,0,0
3205,320,0,0,1,0,4,4991,10,-30,0,-20,0
3215,321,0,0,1,0,5,14334,12,-30,0,-28,0
3225,322,0,0,1,0,6,32748,12,-30,2,-43,0
3235,323,0,0,1,0,7,65224,10,-30,2,-99,0
3245,324,0,0,1,0,8,60544,6,-30,2,-99,-16
3255,325,0,0,1,0,9,51200,3,-30,2,-99,-13
3265,326,0,0,0,0,9,32768,1,-30,2,-99,36
3275,327,0,0,0,1,9,32768,1,-30,2,-99,36
3285,328,0,1,1,0,0,0,0,0,0,0,0
3295,329,0,0,1,0,1,1,1,-9,0,0,0
3305,330,0,0,1,0,2,19,3,-33,0,0,0
3315,331,0,0,1,0,3,311,6,-18,0,0,0
3325,332,0,0,1,0,4,4991,10,-10,-18,-21,0
3335,333,0,0,1,0,5,14334,12,-10,30,-42,0
3345,334,0,0,1,0,6,32748,12,-10,18,-17,0
3355,335,0,0,1,0,7,65224,10,-10,18,-29,-42
3365,336,0,0,1,0,8,60544,6,-10,18,-29,0
3375,337,0,0,1,0,9,51200,3,-10,18,-29,-20
3385,338,0,0,0,0,9,32768,1,-10,18,-29,-20
3395,339,0,0,0,1,9,32768,1,-10,18,-29,-20
3405,340,0,1,1,0,0,0,0,0,0,0,0
3415,341,0,0,1,0,1,1,1,-2,0,0,0
3425,342,0,0,1,0,2,19,3,-32,0,0,0
3435,343,0,0,1,0,3,311,6,-74,0,0,0
3445,344,0,0,1,0,4,4991,10,-65,0,-1,0
3455,345,0,0,1,0,5,14334,12,-65,-25,-7,0
3465,346,0,0,1,0,6,32748,12,-65,-13,0,0
3475,347,0,0,1,0,7,65224,10,-65,-25,24,0
3485,348,0,0,1,0,8,60544,6,-65,-25,24,-5
3495,349,0,0,1,0,9,51200,3,-65,-25,24,-7
3505,350,0,0,0,0,9,32768,1,-65,-25,24,-39
3515,351,0,0,0,1,9,32768,1,-65,-25,24,-39
3525,352,0,1,1,0,0,0,0,0,0,0,0
3535,353,0,0,1,0,1,1,1,28,0,0,0
3545,354,0,0,1,0,2,19,3,52,0,0,0
3555,355,0,0,1,0,3,311,6,40,0,0,0
3565,356,0,0,1,0,4,4991,10,33,-21,-8,0
3575,357,0,0,1,0,5,14334,12,33,3,-14,0
3585,358,0,0,1,0,6,32748,12,33,23,7,0
3595,359,0,0,1,0,7,65224,10,33,24,-35,6
3605,360,0,0,1,0,8,60544,6,33,24,-35,0
3615,361,0,0,1,0,9,51200,3,33,24,-35,-35
3625,362,0,0,0,0,9,32768,1,33,24,-35,-29
3635,363,0,0,0,1,9,32768,1,33,24,-35,-29
3645,364,0,1,1,0,0,0,0,0,0,0,0
3655,365,0,0,1,0,1,1,1,16,0,0,0
3665,366,0,0,1,0,2,19,3,11,0,0,0
3675,367,0,0,1,0,3,311,6,3,0,0,0
3685,368,0,0,1,0,4,4991,10,59,8,-20,0
3695,369,0,0,1,0,5,14334,12,59,15,10,0
3705,370,0,0,1,0,6,32748,12,59,8,42,0
3715,371,0,0,1,0,7,65224,10,59,-34,106,-10
3725,372,0,0,1,0,8,60544,6,59,-34,106,-52
3735,373,0,0,1,0,9,51200,3,59,-34,106,-24
3745,374,0,0,0,0,9,32768,1,59,-34,106,-72
3755,375,0,0,0,1,9,32768,1,59,-34,106,-72
3765,376,0,1,1,0,0,0,0,0,0,0,0
3775,377,0,0,1,0,1,1,1,-2,0,0,0
3785,378,0,0,1,0,2,19,3,7,0,0,0
3795,379,0,0,1,0,3,311,6,-5,0,0,0
3805,380,0,0,1,0,4,4991,10,-21,-4,-16,0
3815,381,0,0,1,0,5,14334,12,-21,14,-19,0
3825,382,0,0,1,0,6,32748,12,-21,28,-13,0
3835,383,0,0,1,0,7,65224,10,-21,-36,-7,-32
3845,384,0,0,1,0,8,60544,6,-21,-36,-7,-38
3855,385,0,0,1,0,9,51200,3,-21,-36,-7,-45
3865,386,0,0,0,0,9,32768,1,-21,-36,-7,-21
3875,387,0,0,0,1,9,32768,1,-21,-36,-7,-21
3885,388,0,1,1,0,0,0,0,0,0,0,0
3895,389,0,0,1,0,1,1,1,-35,0,0,0
3905,390,0,0,1,0,2,19,3,-50,0,0,0
3915,391,0,0,1,0,3,311,6,-71,0,0,0
3925,392,0,0,1,0,4,4991,10,-70,-56,5,0
3935,393,0,0,1,0,5,14334,12,-70,-46,26,0
3945,394,0,0,1,0,6,32748,12,-70,-55,61,0
3955,395,0,0,1,0,7,65224,10,-70,-62,57,8
3965,396,0,0,1,0,8,60544,6,-70,-62,57,-6
3975,397,0,0,1,0,9,51200,3,-70,-62,57,9
3985,398,0,0,0,0,9,32768,1,-70,-62,57,37
3995,399,0,0,0,1,9,32768,1,-70,-62,57,37
4005,400,0,1,1,0,0,0,0,0,0,0,0
4015,401,0,0,1,0,1,1,1,56,0,0,0
4025,402,0,0,1,0,2,19,3,62,0,0,0
4035,403,0,0,1,0,3,311,6,78,0,0,0
4045,404,0,0,1,0,4,4991,10,53,-8,28,0
4055,405,0,0,1,0,5,14334,12,53,4,43,0
4065,406,0,0,1,0,6,32748,12,53,-60,47,0
4075,407,0,0,1,0,7,65224,10,53,-20,7,-4
4085,408,0,0,1,0,8,60544,6,53,-20,7,26
4095,409,0,0,1,0,9,51200,3,53,-20,7,10
4105,410,0,0,0,0,9,32768,1,53,-20,7,74
4115,411,0,0,0,1,9,32768,1,53,-20,7,74
4125,412,0,1,1,0,0,0,0,0,0,0,0
4135,413,0,0,1,0,1,1,1,18,0,0,0
4145,414,0,0,1,0,2,19,3,12,0,0,0
4155,415,0,0,1,0,3,311,6,2,0,0,0
4165,416,0,0,1,0,4,4991,10,10,-21,6,0
4175,417,0,0,1,0,5,14334,12,10,-22,-12,0
4185,418,0,0,1,0,6,32748,12,10,-52,-24,0
4195,419,0,0,1,0,7,65224,10,10,-42,-32,-7
4205,420,0,0,1,0,8,60544,6,10,-42,-32,-10
4215,421,0,0,1,0,9,51200,3,10,-42,-32,-46
4225,422,0,0,0,0,9,32768,1,10,-42,-32,-56
4235,423,0,0,0,1,9,32768,1,10,-42,-32,-56
4245,424,0,1,1,0,0,0,0,0,0,0,0
4255,425,0,0,1,0,1,1,1,18,0,0,0
4265,426,0,0,1,0,2,19,3,23,0,0,0
4275,427,0,0,1,0,3,311,6,65,0,0,0
4285,428,0,0,1,0,4,4991,10,68,24,-18,0
4295,429,0,0,1,0,5,14334,12,68,24,-38,0
4305,430,0,0,1,0,6,32748,12,68,18,4,0
4315,431,0,0,1,0,7,65224,10,68,22,1,-24
4325,432,0,0,1,0,8,60544,6,68,22,1,-24
4335,433,0,0,1,0,9,51200,3,68,22,1,-30
4345,434,0,0,0,0,9,32768,1,68,22,1,-34
4355,435,0,0,0,1,9,32768,1,68,22,1,-34
4365,436,0,1,1,0,0,0,0,0,0,0,0
4375,437,0,0,1,0,1,1,1,20,0,0,0
4385,438,0,0,1,0,2,19,3,60,0,0,0
4395,439,0,0,1,0,3,311,6,84,0,0,0
4405,440,0,0,1,0,4,4991,10,76,24,-10,0
4415,441,0,0,1,0,5,14334,12,76,9,30,0
4425,442,0,0,1,0,6,32748,12,76,-27,34,0
4435,443,0,0,1,0,7,65224,10,76,-59,30,-12
4445,444,0,0,1,0,8,60544,6,76,-59,30,-27
4455,445,0,0,1,0,9,51200,3,76,-59,30,-33
4465,446,0,0,0,0,9,32768,1,76,-59,30,-49
4475,447,0,0,0,1,9,32768,1,76,-59,30,-49
4485,448,0,1,1,0,0,0,0,0,0,0,0
4495,449,0,0,1,0,1,1,1,6,0,0,0
4505,450,0,0,1,0,2,19,3,22,0,0,0
4515,451,0,0,1,0,3,311,6,46,0,0,0
4525,452,0,0,1,0,4,4991,10,22,-21,-4,0
4535,453,0,0,1,0,5,14334,12,22,-27,60,0
4545,454,0,0,1,0,6,32748,12,22,-11,36,0
4555,455,0,0,1,0,7,65224,10,22,-35,54,14
4565,456,0,0,1,0,8,60544,6,22,-35,54,-10
4575,457,0,0,1,0,9,51200,3,22,-35,54,-26
4585,458,0,0,0,0,9,32768,1,22,-35,54,-8
4595,459,0,0,0,1,9,32768,1,22,-35,54,-8
4605,460,0,1,1,0,0,0,0,0,0,0,0
4615,461,0,0,1,0,1,1,1,32,0,0,0
4625,462,0,0,1,0,2,19,3,88,0,0,0
4635,463,0,0,1,0,3,311,6,109,0,0,0
4645,464,0,0,1,0,4,4991,10,112,4,40,0
4655,465,0,0,1,0,5,14334,12,112,39,72,0
4665,466,0,0,1,0,6,32748,12,112,60,93,0
4675,467,0,0,1,0,7,65224,10,112,72,92,5
4685,468,0,0,1,0,8,60544,6,112,72,92,25
4695,469,0,0,1,0,9,51200,3,112,72,92,46
4705,470,0,0,0,0,9,32768,1,112,72,92,42
4715,471,0,0,0,1,9,32768,1,112,72,92,42
4725,472,0,1,1,0,0,0,0,0,0,0,0
4735,473,0,0,1,0,1,1,1,-32,0,0,0
4745,474,0,0,1,0,2,19,3,-11,0,0,0
4755,475,0,0,1,0,3,311,6,-17,0,0,0
4765,476,0,0,1,0,4,4991,10,32,8,-20,0
4775,477,0,0,1,0,5,14334,12,32,22,-11,0
4785,478,0,0,1,0,6,32748,12,32,-8,-4,0
4795,479,0,0,1,0,7,65224,10,32,13,-32,5
4805,480,0,0,1,0,8,60544,6,32,13,-32,11
4815,481,0,0,1,0,9,51200,3,32,13,-32,46
4825,482,0,0,0,0,9,32768,1,32,13,-32,34
4835,483,0,0,0,1,9,32768,1,32,13,-32,34
4845,484,0,1,1,0,0,0,0,0,0,0,0
4855,485,0,0,1,0,1,1,1,8,0,0,0
4865,486,0,0,1,0,2,19,3,40,0,0,0
4875,487,0,0,1,0,3,311,6,40,0,0,0
4885,488,0,0,1,0,4,4991,10,72,-2,-24,0
4895,489,0,0,1,0,5,14334,12,72,18,-16,0
4905,490,0,0,1,0,6,32748,12,72,-12,-16,0
4915,491,0,0,1,0,7,65224,10,72,-4,-24,6
4925,492,0,0,1,0,8,60544,6,72,-4,-24,11
4935,493,0,0,1,0,9,51200,3,72,-4,-24,-19
4945,494,0,0,0,0,9,32768,1,72,-4,-24,-21
4955,495,0,0,0,1,9,32768,1,72,-4,-24,-21
4965,496,0,1,1,0,0,0,0,0,0,0,0
4975,497,0,0,1,0,1,1,1,6,0,0,0
4985,498,0,0,1,0,2,19,3,36,0,0,0
4995,499,0,0,1,0,3,311,6,43,0,0,0
5005,500,0,0,1,0,4,4991,10,107,1,-18,0
5015,501,0,0,1,0,5,14334,12,107,-11,-3,0
5025,502,0,0,1,0,6,32748,12,107,-7,39,0
5035,503,0,0,1,0,7,65224,10,107,-15,31,-3
5045,504,0,0,1,0,8,60544,6,107,-15,31,-9
5055,505,0,0,1,0,9,51200,3,107,-15,31,15
5065,506,0,0,0,0,9,32768,1,107,-15,31,16
5075,507,0,0,0,1,9,32768,1,107,-15,31,16
5085,508,0,1,1,0,0,0,0,0,0,0,0
5095,509,0,0,1,0,1,1,1,7,0,0,0
5105,510,0,0,1,0,2,19,3,19,0,0,0
5115,511,0,0,1,0,3,311,6,5,0,0,0
5125,512,0,0,1,0,4,4991,10,13,-42,-7,0
5135,513,0,0,1,0,5,14334,12,13,-27,-3,0
5145,514,0,0,1,0,6,32748,12,13,-31,53,0
5155,515,0,0,1,0,7,65224,10,13,33,56,42
5165,516,0,0,1,0,8,60544,6,13,33,56,47
5175,517,0,0,1,0,9,51200,3,13,33,56,63
5185,518,0,0,0,0,9,32768,1,13,33,56,87
5195,519,0,0,0,1,9,32768,1,13,33,56,87
5205,520,0,1,1,0,0,0,0,0,0,0,0
5215,521,0,0,1,0,1,1,1,9,0,0,0
5225,522,0,0,1,0,2,19,3,9,0,0,0
5235,523,0,0,1,0,3,311,6,12,0,0,0
5245,524,0,0,1,0,4,4991,10,13,0,24,0
5255,525,0,0,1,0,5,14334,12,13,-8,24,0
5265,526,0,0,1,0,6,32748,12,13,-16,33,0
5275,527,0,0,1,0,7,65224,10,13,-13,38,0
5285,528,0,0,1,0,8,60544,6,13,-13,38,-56
5295,529,0,0,1,0,9,51200,3,13,-13,38,-80
5305,530,0,0,0,0,9,32768,1,13,-13,38,-65
5315,531,0,0,0,1,9,32768,1,13,-13,38,-65
5325,532,0,1,1,0,0,0,0,0,0,0,0
5335,533,0,0,1,0,1,1,1,-56,0,0,0
5345,534,0,0,1,0,2,19,3,-21,0,0,0
5355,535,0,0,1,0,3,311,6,-21,0,0,0
5365,536,0,0,1,0,4,4991,10,-53,56,-48,0
5375,537,0,0,1,0,5,14334,12,-53,21,-83,0
5385,538,0,0,1,0,6,32748,12,-53,25,-83,0
5395,539,0,0,1,0,7,65224,10,-53,13,-75,48
5405,540,0,0,1,0,8,60544,6,-53,13,-75,83
5415,541,0,0,1,0,9,51200,3,-53,13,-75,77
5425,542,0,0,0,0,9,32768,1,-53,13,-75,80
5435,543,0,0,0,1,9,32768,1,-53,13,-75,80
5445,544,0,1,1,0,0,0,0,0,0,0,0
5455,545,0,0,1,0,1,1,1,-40,0,0,0
5465,546,0,0,1,0,2,19,3,-28,0,0,0
5475,547,0,0,1,0,3,311,6,-7,0,0,0
5485,548,0,0,1,0,4,4991,10,-7,-16,20,0
5495,549,0,0,1,0,5,14334,12,-7,-13,20,0
5505,550,0,0,1,0,6,32748,12,-7,-16,41,0
5515,551,0,0,1,0,7,65224,10,-7,-16,36,8
5525,552,0,0,1,0,8,60544,6,-7,-16,36,8
5535,553,0,0,1,0,9,51200,3,-7,-16,36,5
5545,554,0,0,0,0,9,32768,1,-7,-16,36,6
5555,555,0,0,0,1,9,32768,1,-7,-16,36,6
5565,556,0,1,1,0,0,0,0,0,0,0,0
5575,557,0,0,1,0,1,1,1,-64,0,0,0
5585,558,0,0,1,0,2,19,3,-68,0,0,0
5595,559,0,0,1,0,3,311,6,-50,0,0,0
5605,560,0,0,1,0,4,4991,10,-50,24,32,0
5615,561,0,0,1,0,5,14334,12,-50,8,25,0
5625,562,0,0,1,0,6,32748,12,-50,14,7,0
5635,563,0,0,1,0,7,65224,10,-50,-28,7,-12
5645,564,0,0,1,0,8,60544,6,-50,-28,7,-40
5655,565,0,0,1,0,9,51200,3,-50,-28,7,-46
5665,566,0,0,0,0,9,32768,1,-50,-28,7,-4
5675,567,0,0,0,1,9,32768,1,-50,-28,7,-4
5685,568,0,1,1,0,0,0,0,0,0,0,0
5695,569,0,0,1,0,1,1,1,-4,0,0,0
5705,570,0,0,1,0,2,19,3,-34,0,0,0
5715,571,0,0,1,0,3,311,6,8,0,0,0
5725,572,0,0,1,0,4,4991,10,-34,8,-32,0
5735,573,0,0,1,0,5,14334,12,-34,23,-44,0
5745,574,0,0,1,0,6,32748,12,-34,11,-51,0
5755,575,0,0,1,0,7,65224,10,-34,-37,-86,64
5765,576,0,0,1,0,8,60544,6,-34,-37,-86,70
5775,577,0,0,1,0,9,51200,3,-34,-37,-86,72
5785,578,0,0,0,0,9,32768,1,-34,-37,-86,32
5795,579,0,0,0,1,9,32768,1,-34,-37,-86,32
5805,580,0,1,1,0,0,0,0,0,0,0,0
5815,581,0,0,1,0,1,1,1,10,0,0,0
5825,582,0,0,1,0,2,19,3,-10,0,0,0
5835,583,0,0,1,0,3,311,6,-2,0,0,0
5845,584,0,0,1,0,4,4991,10,46,-15,2,0
5855,585,0,0,1,0,5,14334,12,46,-55,-26,0
5865,586,0,0,1,0,6,32748,12,46,-57,14,0
5875,587,0,0,1,0,7,65224,10,46,-89,20,-3
5885,588,0,0,1,0,8,60544,6,46,-89,20,-59
5895,589,0,0,1,0,9,51200,3,46,-89,20,-69
5905,590,0,0,0,0,9,32768,1,46,-89,20,-73
5915,591,0,0,0,1,9,32768,1,46,-89,20,-73
5925,592,0,1,1,0,0,0,0,0,0,0,0
5935,593,0,0,1,0,1,1,1,8,0,0,0
5945,594,0,0,1,0,2,19,3,17,0,0,0
5955,595,0,0,1,0,3,311,6,-3,0,0,0
5965,596,0,0,1,0,4,4991,10,4,-8,-12,0
5975,597,0,0,1,0,5,14334,12,4,-29,-24,0
5985,598,0,0,1,0,6,32748,12,4,6,-32,0
5995,599,0,0,1,0,7,65224,10,4,27,-30,12
6005,600,0,0,1,0,8,60544,6,4,27,-30,40
6015,601,0,0,1,0,9,51200,3,4,27,-30,54
6025,602,0,0,0,0,9,32768,1,4,27,-30,60
6035,603,0,0,0,1,9,32768,1,4,27,-30,60
6045,604,0,1,1,0,0,0,0,0,0,0,0
6055,605,0,0,1,0,1,1,1,-2,0,0,0
6065,606,0,0,1,0,2,19,3,-34,0,0,0
6075,607,0,0,1,0,3,311,6,-69,0,0,0
6085,608,0,0,1,0,4,4991,10,-49,0,-3,0
6095,609,0,0,1,0,5,14334,12,-49,40,29,0
6105,610,0,0,1,0,6,32748,12,-49,75,-27,0
6115,611,0,0,1,0,7,65224,10,-49,71,-42,0
6125,612,0,0,1,0,8,60544,6,-49,71,-42,-40
6135,613,0,0,1,0,9,51200,3,-49,71,-42,16
6145,614,0,0,0,0,9,32768,1,-49,71,-42,19
6155,615,0,0,0,1,9,32768,1,-49,71,-42,19
6165,616,0,1,1,0,0,0,0,0,0,0,0
6175,617,0,0,1,0,1,1,1,-32,0,0,0
6185,618,0,0,1,0,2,19,3,10,0,0,0
6195,619,0,0,1,0,3,311,6,1,0,0,0
6205,620,0,0,1,0,4,4991,10,-6,4,24,0
6215,621,0,0,1,0,5,14334,12,-6,-24,48,0
6225,622,0,0,1,0,6,32748,12,-6,-48,48,0
6235,623,0,0,1,0,7,65224,10,-6,-43,55,-3
6245,624,0,0,1,0,8,60544,6,-6,-43,55,-19
6255,625,0,0,1,0,9,51200,3,-6,-43,55,-19
6265,626,0,0,0,0,9,32768,1,-6,-43,55,-24
6275,627,0,0,0,1,9,32768,1,-6,-43,55,-24
6285,628,0,1,1,0,0,0,0,0,0,0,0
6295,629,0,0,1,0,1,1,1,8,0,0,0
6305,630,0,0,1,0,2,19,3,-28,0,0,0
6315,631,0,0,1,0,3,311,6,-18,0,0,0
6325,632,0,0,1,0,4,4991,10,-39,-4,-12,0
6335,633,0,0,1,0,5,14334,12,-39,20,-12,0
6345,634,0,0,1,0,6,32748,12,-39,20,-4,0
6355,635,0,0,1,0,7,65224,10,-39,5,10,6
6365,636,0,0,1,0,8,60544,6,-39,5,10,6
6375,637,0,0,1,0,9,51200,3,-39,5,10,6
6385,638,0,0,0,0,9,32768,1,-39,5,10,16
6395,639,0,0,0,1,9,32768,1,-39,5,10,16
6405,640,0,1,1,0,0,0,0,0,0,0,0
6415,641,0,0,1,0,1,1,1,-9,0,0,0
6425,642,0,0,1,0,2,19,3,-41,0,0,0
6435,643,0,0,1,0,3,311,6,-33,0,0,0
6445,644,0,0,1,0,4,4991,10,-18,-9,3,0
6455,645,0,0,1,0,5,14334,12,-18,23,35,0
6465,646,0,0,1,0,6,32748,12,-18,29,99,0
6475,647,0,0,1,0,7,65224,10,-18,34,93,3
6485,648,0,0,1,0,8,60544,6,-18,34,93,-29
6495,649,0,0,1,0,9,51200,3,-18,34,93,19
6505,650,0,0,0,0,9,32768,1,-18,34,93,17
6515,651,0,0,0,1,9,32768,1,-18,34,93,17
6525,652,0,1,1,0,0,0,0,0,0,0,0
6535,653,0,0,1,0,1,1,1,-20,0,0,0
6545,654,0,0,1,0,2,19,3,-32,0,0,0
6555,655,0,0,1,0,3,311,6,-56,0,0,0
6565,656,0,0,1,0,4,4991,10,-91,32,10,0
6575,657,0,0,1,0,5,14334,12,-91,53,-22,0
6585,658,0,0,1,0,6,32748,12,-91,81,-58,0
6595,659,0,0,1,0,7,65224,10,-91,41,-37,-16
6605,660,0,0,1,0,8,60544,6,-91,41,-37,40
6615,661,0,0,1,0,9,51200,3,-91,41,-37,82
6625,662,0,0,0,0,9,32768,1,-91,41,-37,106
6635,663,0,0,0,1,9,32768,1,-91,41,-37,106
6645,664,0,1,1,0,0,0,0,0,0,0,0
6655,665,0,0,1,0,1,1,1,10,0,0,0
6665,666,0,0,1,0,2,19,3,22,0,0,0
6675,667,0,0,1,0,3,311,6,42,0,0,0
6685,668,0,0,1,0,4,4991,10,46,-35,-4,0
6695,669,0,0,1,0,5,14334,12,46,-50,-28,0
6705,670,0,0,1,0,6,32748,12,46,-70,-63,0
6715,671,0,0,1,0,7,65224,10,46,-58,-71,14
6725,672,0,0,1,0,8,60544,6,46,-58,-71,44
6735,673,0,0,1,0,9,51200,3,46,-58,-71,79
6745,674,0,0,0,0,9,32768,1,46,-58,-71,55
6755,675,0,0,0,1,9,32768,1,46,-58,-71,55
6765,676,0,1,1,0,0,0,0,0,0,0,0
6775,677,0,0,1,0,1,1,1,-2,0,0,0
6785,678,0,0,1,0,2,19,3,-14,0,0,0
6795,679,0,0,1,0,3,311,6,-14,0,0,0
6805,680,0,0,1,0,4,4991,10,18,1,-16,0
6815,681,0,0,1,0,5,14334,12,18,21,8,0
6825,682,0,0,1,0,6,32748,12,18,11,8,0
6835,683,0,0,1,0,7,65224,10,18,11,64,8
6845,684,0,0,1,0,8,60544,6,18,11,64,-32
6855,685,0,0,1,0,9,51200,3,18,11,64,-22
6865,686,0,0,0,0,9,32768,1,18,11,64,-22
6875,687,0,0,0,1,9,32768,1,18,11,64,-22
6885,688,0,1,1,0,0,0,0,0,0,0,0
6895,689,0,0,1,0,1,1,1,28,0,0,0
6905,690,0,0,1,0,2,19,3,44,0,0,0
6915,691,0,0,1,0,3,311,6,36,0,0,0
6925,692,0,0,1,0,4,4991,10,8,56,16,0
6935,693,0,0,1,0,5,14334,12,8,58,-32,0
6945,694,0,0,1,0,6,32748,12,8,46,-64,0
6955,695,0,0,1,0,7,65224,10,8,32,-88,32
6965,696,0,0,1,0,8,60544,6,8,32,-88,26
6975,697,0,0,1,0,9,51200,3,8,32,-88,-22
6985,698,0,0,0,0,9,32768,1,8,32,-88,-34
6995,699,0,0,0,1,9,32768,1,8,32,-88,-34
7005,700,0,1,1,0,0,0,0,0,0,0,0
7015,701,0,0,1,0,1,1,1,-15,0,0,0
7025,702,0,0,1,0,2,19,3,-15,0,0,0
7035,703,0,0,1,0,3,311,6,0,0,0,0
7045,704,0,0,1,0,4,4991,10,42,-15,15,0
7055,705,0,0,1,0,5,14334,12,42,-10,15,0
7065,706,0,0,1,0,6,32748,12,42,-28,20,0
7075,707,0,0,1,0,7,65224,10,42,-28,-15,15
7085,708,0,0,1,0,8,60544,6,42,-28,-15,16
7095,709,0,0,1,0,9,51200,3,42,-28,-15,10
7105,710,0,0,0,0,9,32768,1,42,-28,-15,10
7115,711,0,0,0,1,9,32768,1,42,-28,-15,10
7125,712,0,1,1,0,0,0,0,0,0,0,0
7135,713,0,0,1,0,1,1,1,-1,0,0,0
7145,714,0,0,1,0,2,19,3,48,0,0,0
7155,715,0,0,1,0,3,311,6,34,0,0,0
7165,716,0,0,1,0,4,4991,10,28,-4,-6,0
7175,717,0,0,1,0,5,14334,12,28,-32,-48,0
7185,718,0,0,1,0,6,32748,12,28,-74,-38,0
7195,719,0,0,1,0,7,65224,10,28,-38,-42,-24
7205,720,0,0,1,0,8,60544,6,28,-38,-42,0
7215,721,0,0,1,0,9,51200,3,28,-38,-42,30
7225,722,0,0,0,0,9,32768,1,28,-38,-42,54
7235,723,0,0,0,1,9,32768,1,28,-38,-42,54
7245,724,0,1,1,0,0,0,0,0,0,0,0
7255,725,0,0,1,0,1,1,1,32,0,0,0
7265,726,0,0,1,0,2,19,3,16,0,0,0
7275,727,0,0,1,0,3,311,6,12,0,0,0
7285,728,0,0,1,0,4,4991,10,7,32,-56,0
7295,729,0,0,1,0,5,14334,12,7,60,-36,0
7305,730,0,0,1,0,6,32748,12,7,58,-30,0
7315,731,0,0,1,0,7,65224,10,7,18,-25,-56
7325,732,0,0,1,0,8,60544,6,7,18,-25,-91
7335,733,0,0,1,0,9,51200,3,7,18,-25,-88
7345,734,0,0,0,0,9,32768,1,7,18,-25,-48
7355,735,0,0,0,1,9,32768,1,7,18,-25,-48
7365,736,0,1,1,0,0,0,0,0,0,0,0
7375,737,0,0,1,0,1,1,1,-35,0,0,0
7385,738,0,0,1,0,2,19,3,-30,0,0,0
7395,739,0,0,1,0,3,311,6,-58,0,0,0
7405,740,0,0,1,0,4,4991,10,-54,-56,40,0
7415,741,0,0,1,0,5,14334,12,-54,-86,36,0
7425,742,0,0,1,0,6,32748,12,-54,-74,71,0
7435,743,0,0,1,0,7,65224,10,-54,-60,79,64
7445,744,0,0,1,0,8,60544,6,-54,-60,79,88
7455,745,0,0,1,0,9,51200,3,-54,-60,79,73
7465,746,0,0,0,0,9,32768,1,-54,-60,79,101
7475,747,0,0,0,1,9,32768,1,-54,-60,79,101
7485,748,0,1,1,0,0,0,0,0,0,0,0
7495,749,0,0,1,0,1,1,1,24,0,0,0
7505,750,0,0,1,0,2,19,3,8,0,0,0
7515,751,0,0,1,0,3,311,6,3,0,0,0
7525,752,0,0,1,0,4,4991,10,-11,8,-48,0
7535,753,0,0,1,0,5,14334,12,-11,0,-38,0
7545,754,0,0,1,0,6,32748,12,-11,-15,-31,0
7555,755,0,0,1,0,7,65224,10,-11,-9,25,-16
7565,756,0,0,1,0,8,60544,6,-11,-9,25,-11
7575,757,0,0,1,0,9,51200,3,-11,-9,25,10
7585,758,0,0,0,0,9,32768,1,-11,-9,25,-14
7595,759,0,0,0,1,9,32768,1,-11,-9,25,-14
7605,760,0,1,1,0,0,0,0,0,0,0,0
7615,761,0,0,1,0,1,1,1,0,0,0,0
7625,762,0,0,1,0,2,19,3,-1,0,0,0
7635,763,0,0,1,0,3,311,6,-1,0,0,0
7645,764,0,0,1,0,4,4991,10,-7,0,-20,0
7655,765,0,0,1,0,5,14334,12,-7,0,-15,0
7665,766,0,0,1,0,6,32748,12,-7,0,1,0
7675,767,0,0,1,0,7,65224,10,-7,-15,15,12
7685,768,0,0,1,0,8,60544,6,-7,-15,15,12
7695,769,0,0,1,0,9,51200,3,-7,-15,15,0
7705,770,0,0,0,0,9,32768,1,-7,-15,15,35
7715,771,0,0,0,1,9,32768,1,-7,-15,15,35
7725,772,0,1,1,0,0,0,0,0,0,0,0
7735,773,0,0,1,0,1,1,1,-24,0,0,0
7745,774,0,0,1,0,2,19,3,-80,0,0,0
7755,775,0,0,1,0,3,311,6,-24,0,0,0
7765,776,0,0,1,0,4,4991,10,4,-42,-32,0
7775,777,0,0,1,0,5,14334,12,4,-18,-81,0
7785,778,0,0,1,0,6,32748,12,4,-66,-53,0
7795,779,0,0,1,0,7,65224,10,4,-87,-85,-56
7805,780,0,0,1,0,8,60544,6,4,-87,-85,-35
7815,781,0,0,1,0,9,51200,3,4,-87,-85,-59
7825,782,0,0,0,0,9,32768,1,4,-87,-85,-35
7835,783,0,0,0,1,9,32768,1,4,-87,-85,-35
7845,784,0,1,1,0,0,0,0,0,0,0,0
7855,785,0,0,1,0,1,1,1,-35,0,0,0
7865,786,0,0,1,0,2,19,3,-59,0,0,0
7875,787,0,0,1,0,3,311,6,-61,0,0,0
7885,788,0,0,1,0,4,4991,10,-73,-28,0,0
7895,789,0,0,1,0,5,14334,12,-73,-49,24,0
7905,790,0,0,1,0,6,32748,12,-73,-49,25,0
7915,791,0,0,1,0,7,65224,10,-73,-53,10,0
7925,792,0,0,1,0,8,60544,6,-73,-53,10,21
7935,793,0,0,1,0,9,51200,3,-73,-53,10,21
7945,794,0,0,0,0,9,32768,1,-73,-53,10,16
7955,795,0,0,0,1,9,32768,1,-73,-53,10,16
7965,796,0,1,1,0,0,0,0,0,0,0,0
7975,797,0,0,1,0,1,1,1,0,0,0,0
7985,798,0,0,1,0,2,19,3,15,0,0,0
7995,799,0,0,1,0,3,311,6,15,0,0,0
8005,800,0,0,1,0,4,4991,10,15,2,0,0
8015,801,0,0,1,0,5,14334,12,15,2,3,0
8025,802,0,0,1,0,6,32748,12,15,2,3,0
8035,803,0,0,1,0,7,65224,10,15,2,8,-8
8045,804,0,0,1,0,8,60544,6,15,2,8,-8
8055,805,0,0,1,0,9,51200,3,15,2,8,17
8065,806,0,0,0,0,9,32768,1,15,2,8,32
8075,807,0,0,0,1,9,32768,1,15,2,8,32
8085,808,0,1,1,0,0,0,0,0,0,0,0
8095,809,0,0,1,0,1,1,1,-3,0,0,0
8105,810,0,0,1,0,2,19,3,61,0,0,0
8115,811,0,0,1,0,3,311,6,21,0,0,0
8125,812,0,0,1,0,4,4991,10,20,-15,-3,0
8135,813,0,0,1,0,5,14334,12,20,9,61,0
8145,814,0,0,1,0,6,32748,12,20,49,77,0
8155,815,0,0,1,0,7,65224,10,20,43,74,-15
8165,816,0,0,1,0,8,60544,6,20,43,74,9
8175,817,0,0,1,0,9,51200,3,20,43,74,-7
8185,818,0,0,0,0,9,32768,1,20,43,74,-25
8195,819,0,0,0,1,9,32768,1,20,43,74,-25
8205,820,0,1,1,0,0,0,0,0,0,0,0
8215,821,0,0,1,0,1,1,1,-8,0,0,0
8225,822,0,0,1,0,2,19,3,2,0,0,0
8235,823,0,0,1,0,3,311,6,-3,0,0,0
8245,824,0,0,1,0,4,4991,10,-31,2,0,0
8255,825,0,0,1,0,5,14334,12,-31,12,-20,0
8265,826,0,0,1,0,6,32748,12,-31,7,-35,0
8275,827,0,0,1,0,7,65224,10,-31,15,-77,0
8285,828,0,0,1,0,8,60544,6,-31,15,-77,-20
8295,829,0,0,1,0,9,51200,3,-31,15,-77,-35
8305,830,0,0,0,0,9,32768,1,-31,15,-77,-23
8315,831,0,0,0,1,9,32768,1,-31,15,-77,-23
8325,832,0,1,1,0,0,0,0,0,0,0,0
8335,833,0,0,1,0,1,1,1,-35,0,0,0
8345,834,0,0,1,0,2,19,3,21,0,0,0
8355,835,0,0,1,0,3,311,6,3,0,0,0
8365,836,0,0,1,0,4,4991,10,19,28,-35,0
8375,837,0,0,1,0,5,14334,12,19,-20,-70,0
8385,838,0,0,1,0,6,32748,12,19,-56,-55,0
8395,839,0,0,1,0,7,65224,10,19,-66,-7,28
8405,840,0,0,1,0,8,60544,6,19,-66,-7,58
8415,841,0,0,1,0,9,51200,3,19,-66,-7,88
8425,842,0,0,0,0,9,32768,1,19,-66,-7,58
8435,843,0,0,0,1,9,32768,1,19,-66,-7,58
8445,844,0,1,1,0,0,0,0,0,0,0,0
8455,845,0,0,1,0,1,1,1,-6,0,0,0
8465,846,0,0,1,0,2,19,3,22,0,0,0
8475,847,0,0,1,0,3,311,6,10,0,0,0
8485,848,0,0,1,0,4,4991,10,38,-2,-21,0
8495,849,0,0,1,0,5,14334,12,38,22,-21,0
8505,850,0,0,1,0,6,32748,12,38,34,7,0
8515,851,0,0,1,0,7,65224,10,38,14,7,-7
8525,852,0,0,1,0,8,60544,6,38,14,7,-7
8535,853,0,0,1,0,9,51200,3,38,14,7,-35
8545,854,0,0,0,0,9,32768,1,38,14,7,-35
8555,855,0,0,0,1,9,32768,1,38,14,7,-35
8565,856,0,1,1,0,0,0,0,0,0,0,0
8575,857,0,0,1,0,1,1,1,0,0,0,0
8585,858,0,0,1,0,2,19,3,0,0,0,0
8595,859,0,0,1,0,3,311,6,-14,0,0,0
8605,860,0,0,1,0,4,4991,10,-14,0,16,0
8615,861,0,0,1,0,5,14334,12,-14,20,16,0
8625,862,0,0,1,0,6,32748,12,-14,27,20,0
8635,863,0,0,1,0,7,65224,10,-14,27,44,6
8645,864,0,0,1,0,8,60544,6,-14,27,44,-14
8655,865,0,0,1,0,9,51200,3,-14,27,44,-16
8665,866,0,0,0,0,9,32768,1,-14,27,44,0
8675,867,0,0,0,1,9,32768,1,-14,27,44,0
8685,868,0,1,1,0,0,0,0,0,0,0,0
8695,869,0,0,1,0,1,1,1,12,0,0,0
8705,870,0,0,1,0,2,19,3,14,0,0,0
8715,871,0,0,1,0,3,311,6,42,0,0,0
8725,872,0,0,1,0,4,4991,10,2,42,16,0
8735,873,0,0,1,0,5,14334,12,2,34,19,0
8745,874,0,0,1,0,6,32748,12,2,42,12,0
8755,875,0,0,1,0,7,65224,10,2,26,32,56
8765,876,0,0,1,0,8,60544,6,2,26,32,44
8775,877,0,0,1,0,9,51200,3,2,26,32,42
8785,878,0,0,0,0,9,32768,1,2,26,32,50
8795,879,0,0,0,1,9,32768,1,2,26,32,50
8805,880,0,1,1,0,0,0,0,0,0,0,0
8815,881,0,0,1,0,1,1,1,-40,0,0,0
8825,882,0,0,1,0,2,19,3,-39,0,0,0
8835,883,0,0,1,0,3,311,6,-40,0,0,0
8845,884,0,0,1,0,4,4991,10,-54,0,30,0
8855,885,0,0,1,0,5,14334,12,-54,2,31,0
8865,886,0,0,1,0,6,32748,12,-54,1,32,0
8875,887,0,0,1,0,7,65224,10,-54,22,48,0
8885,888,0,0,1,0,8,60544,6,-54,22,48,2
8895,889,0,0,1,0,9,51200,3,-54,22,48,3
8905,890,0,0,0,0,9,32768,1,-54,22,48,-21
8915,891,0,0,0,1,9,32768,1,-54,22,48,-21
8925,892,0,1,1,0,0,0,0,0,0,0,0
8935,893,0,0,1,0,1,1,1,8,0,0,0
8945,894,0,0,1,0,2,19,3,36,0,0,0
8955,895,0,0,1,0,3,311,6,68,0,0,0
8965,896,0,0,1,0,4,4991,10,75,-4,-12,0
8975,897,0,0,1,0,5,14334,12,75,-12,-61,0
8985,898,0,0,1,0,6,32748,12,75,16,-45,0
8995,899,0,0,1,0,7,65224,10,75,65,-49,6
9005,900,0,0,1,0,8,60544,6,75,65,-49,20
9015,901,0,0,1,0,9,51200,3,75,65,-49,34
9025,902,0,0,0,0,9,32768,1,75,65,-49,6
9035,903,0,0,0,1,9,32768,1,75,65,-49,6
9045,904,0,1,1,0,0,0,0,0,0,0,0
9055,905,0,0,1,0,1,1,1,-49,0,0,0
9065,906,0,0,1,0,2,19,3,-41,0,0,0
9075,907,0,0,1,0,3,311,6,-29,0,0,0
9085,908,0,0,1,0,4,4991,10,-49,-56,-42,0
9095,909,0,0,1,0,5,14334,12,-49,-28,-38,0
9105,910,0,0,1,0,6,32748,12,-49,-64,-44,0
9115,911,0,0,1,0,7,65224,10,-49,-79,-68,-48
9125,912,0,0,1,0,8,60544,6,-49,-79,-68,-34
9135,913,0,0,1,0,9,51200,3,-49,-79,-68,-16
9145,914,0,0,0,0,9,32768,1,-49,-79,-68,-34
9155,915,0,0,0,1,9,32768,1,-49,-79,-68,-34
9165,916,0,1,1,0,0,0,0,0,0,0,0
9175,917,0,0,1,0,1,1,1,12,0,0,0
9185,918,0,0,1,0,2,19,3,12,0,0,0
9195,919,0,0,1,0,3,311,6,12,0,0,0
9205,920,0,0,1,0,4,4991,10,32,36,-2,0
9215,921,0,0,1,0,5,14334,12,32,34,-2,0
9225,922,0,0,1,0,6,32748,12,32,34,-8,0
9235,923,0,0,1,0,7,65224,10,32,34,2,-6
9245,924,0,0,1,0,8,60544,6,32,34,2,-5
9255,925,0,0,1,0,9,51200,3,32,34,2,-35
9265,926,0,0,0,0,9,32768,1,32,34,2,-35
9275,927,0,0,0,1,9,32768,1,32,34,2,-35
9285,928,0,1,1,0,0,0,0,0,0,0,0
9295,929,0,0,1,0,1,1,1,4,0,0,0
9305,930,0,0,1,0,2,19,3,10,0,0,0
9315,931,0,0,1,0,3,311,6,24,0,0,0
9325,932,0,0,1,0,4,4991,10,24,3,-20,0
9335,933,0,0,1,0,5,14334,12,24,-3,-32,0
9345,934,0,0,1,0,6,32748,12,24,-11,3,0
9355,935,0,0,1,0,7,65224,10,24,-11,9,-15
9365,936,0,0,1,0,8,60544,6,24,-11,9,-3
9375,937,0,0,1,0,9,51200,3,24,-11,9,-23
9385,938,0,0,0,0,9,32768,1,24,-11,9,-23
9395,939,0,0,0,1,9,32768,1,24,-11,9,-23
9405,940,0,1,1,0,0,0,0,0,0,0,0
9415,941,0,0,1,0,1,1,1,36,0,0,0
9425,942,0,0,1,0,2,19,3,40,0,0,0
9435,943,0,0,1,0,3,311,6,52,0,0,0
9445,944,0,0,1,0,4,4991,10,37,-42,24,0
9455,945,0,0,1,0,5,14334,12,37,-56,18,0
9465,946,0,0,1,0,6,32748,12,37,-71,-6,0
9475,947,0,0,1,0,7,65224,10,37,-71,6,-28
9485,948,0,0,1,0,8,60544,6,37,-71,6,-7
9495,949,0,0,1,0,9,51200,3,37,-71,6,23
9505,950,0,0,0,0,9,32768,1,37,-71,6,23
9515,951,0,0,0,1,9,32768,1,37,-71,6,23
9525,952,0,1,1,0,0,0,0,0,0,0,0
9535,953,0,0,1,0,1,1,1,28,0,0,0
9545,954,0,0,1,0,2,19,3,22,0,0,0
9555,955,0,0,1,0,3,311,6,10,0,0,0
9565,956,0,0,1,0,4,4991,10,19,16,35,0
9575,957,0,0,1,0,5,14334,12,19,-14,40,0
9585,958,0,0,1,0,6,32748,12,19,-18,46,0
9595,959,0,0,1,0,7,65224,10,19,-18,70,20
9605,960,0,0,1,0,8,60544,6,19,-18,70,45
9615,961,0,0,1,0,9,51200,3,19,-18,70,47
9625,962,0,0,0,0,9,32768,1,19,-18,70,47
9635,963,0,0,0,1,9,32768,1,19,-18,70,47
9645,964,0,1,1,0,0,0,0,0,0,0,0
9655,965,0,0,1,0,1,1,1,40,0,0,0
9665,966,0,0,1,0,2,19,3,16,0,0,0
9675,967,0,0,1,0,3,311,6,16,0,0,0
9685,968,0,0,1,0,4,4991,10,46,30,32,0
9695,969,0,0,1,0,5,14334,12,46,62,62,0
9705,970,0,0,1,0,6,32748,12,46,62,47,0
9715,971,0,0,1,0,7,65224,10,46,82,35,24
9725,972,0,0,1,0,8,60544,6,46,82,35,-16
9735,973,0,0,1,0,9,51200,3,46,82,35,-28
9745,974,0,0,0,0,9,32768,1,46,82,35,-36
9755,975,0,0,0,1,9,32768,1,46,82,35,-36
9765,976,0,1,1,0,0,0,0,0,0,0,0
9775,977,0,0,1,0,1,1,1,-24,0,0,0
9785,978,0,0,1,0,2,19,3,4,0,0,0
9795,979,0,0,1,0,3,311,6,-36,0,0,0
9805,980,0,0,1,0,4,4991,10,-48,-8,6,0
9815,981,0,0,1,0,5,14334,12,-48,20,-6,0
9825,982,0,0,1,0,6,32748,12,-48,50,-62,0
9835,983,0,0,1,0,7,65224,10,-48,14,-78,2
9845,984,0,0,1,0,8,60544,6,-48,14,-78,-10
9855,985,0,0,1,0,9,51200,3,-48,14,-78,32
9865,986,0,0,0,0,9,32768,1,-48,14,-78,-16
9875,987,0,0,0,1,9,32768,1,-48,14,-78,-16
9885,988,0,1,1,0,0,0,0,0,0,0,0
9895,989,0,0,1,0,1,1,1,-7,0,0,0
9905,990,0,0,1,0,2,19,3,8,0,0,0
9915,991,0,0,1,0,3,311,6,38,0,0,0
9925,992,0,0,1,0,4,4991,10,66,-56,2,0
9935,993,0,0,1,0,5,14334,12,66,-35,37,0
9945,994,0,0,1,0,6,32748,12,66,-83,62,0
9955,995,0,0,1,0,7,65224,10,66,-107,34,16
9965,996,0,0,1,0,8,60544,6,66,-107,34,65
9975,997,0,0,1,0,9,51200,3,66,-107,34,25
9985,998,0,0,0,0,9,32768,1,66,-107,34,49
9995,999,0,0,0,1,9,32768,1,66,-107,34,49
10005,1000,0,1,1,0,0,0,0,0,0,0,0
10015,1001,0,0,1,0,1,1,1,8,0,0,0
10025,1002,0,0,1,0,2,19,3,8,0,0,0
10035,1003,0,0,1,0,3,311,6,38,0,0,0
10045,1004,0,0,1,0,4,4991,10,33,0,5,0
10055,1005,0,0,1,0,5,14334,12,33,0,45,0
10065,1006,0,0,1,0,6,32748,12,33,-48,30,0
10075,1007,0,0,1,0,7,65224,10,33,-43,35,0
10085,1008,0,0,1,0,8,60544,6,33,-43,35,-64
10095,1009,0,0,1,0,9,51200,3,33,-43,35,-40
10105,1010,0,0,0,0,9,32768,1,33,-43,35,-45
10115,1011,0,0,0,1,9,32768,1,33,-43,35,-45
10125,1012,0,1,1,0,0,0,0,0,0,0,0
10135,1013,0,0,1,0,1,1,1,-5,0,0,0
10145,1014,0,0,1,0,2,19,3,3,0,0,0
10155,1015,0,0,1,0,3,311,6,12,0,0,0
10165,1016,0,0,1,0,4,4991,10,33,5,-6,0
10175,1017,0,0,1,0,5,14334,12,33,-11,-20,0
10185,1018,0,0,1,0,6,32748,12,33,-14,-11,0
10195,1019,0,0,1,0,7,65224,10,33,28,-29,6
10205,1020,0,0,1,0,8,60544,6,33,28,-29,34
10215,1021,0,0,1,0,9,51200,3,33,28,-29,31
10225,1022,0,0,0,0,9,32768,1,33,28,-29,-5
10235,1023,0,0,0,1,9,32768,1,33,28,-29,-5
10245,1024,0,1,1,0,0,0,0,0,0,0,0
10255,1025,0,0,1,0,1,1,1,18,0,0,0
10265,1026,0,0,1,0,2,19,3,10,0,0,0
10275,1027,0,0,1,0,3,311,6,38,0,0,0
10285,1028,0,0,1,0,4,4991,10,38,-42,-3,0
10295,1029,0,0,1,0,5,14334,12,38,-40,-15,0
10305,1030,0,0,1,0,6,32748,12,38,-72,41,0
10315,1031,0,0,1,0,7,65224,10,38,-40,41,7
10325,1032,0,0,1,0,8,60544,6,38,-40,41,10
10335,1033,0,0,1,0,9,51200,3,38,-40,41,-54
10345,1034,0,0,0,0,9,32768,1,38,-40,41,-94
10355,1035,0,0,0,1,9,32768,1,38,-40,41,-94
10365,1036,0,1,1,0,0,0,0,0,0,0,0
10375,1037,0,0,1,0,1,1,1,-32,0,0,0
10385,1038,0,0,1,0,2,19,3,-40,0,0,0
10395,1039,0,0,1,0,3,311,6,-44,0,0,0
10405,1040,0,0,1,0,4,4991,10,-36,-12,56,0
10415,1041,0,0,1,0,5,14334,12,-36,-20,53,0
10425,1042,0,0,1,0,6,32748,12,-36,-15,81,0
10435,1043,0,0,1,0,7,65224,10,-36,-8,105,21
10445,1044,0,0,1,0,8,60544,6,-36,-8,105,18
10455,1045,0,0,1,0,9,51200,3,-36,-8,105,-17
10465,1046,0,0,0,0,9,32768,1,-36,-8,105,4
10475,1047,0,0,0,1,9,32768,1,-36,-8,105,4
10485,1048,0,1,1,0,0,0,0,0,0,0,0
10495,1049,0,0,1,0,1,1,1,5,0,0,0
10505,1050,0,0,1,0,2,19,3,-10,0,0,0
10515,1051,0,0,1,0,3,311,6,-66,0,0,0
10525,1052,0,0,1,0,4,4991,10,-26,-10,4,0
10535,1053,0,0,1,0,5,14334,12,-26,30,10,0
10545,1054,0,0,1,0,6,32748,12,-26,37,-22,0
10555,1055,0,0,1,0,7,65224,10,-26,57,-30,-8
10565,1056,0,0,1,0,8,60544,6,-26,57,-30,-24
10575,1057,0,0,1,0,9,51200,3,-26,57,-30,-20
10585,1058,0,0,0,0,9,32768,1,-26,57,-30,-24
10595,1059,0,0,0,1,9,32768,1,-26,57,-30,-24
10605,1060,0,1,1,0,0,0,0,0,0,0,0
10615,1061,0,0,1,0,1,1,1,0,0,0,0
10625,1062,0,0,1,0,2,19,3,-28,0,0,0
10635,1063,0,0,1,0,3,311,6,-16,0,0,0
10645,1064,0,0,1,0,4,4991,10,-16,0,12,0
10655,1065,0,0,1,0,5,14334,12,-16,-14,32,0
10665,1066,0,0,1,0,6,32748,12,-16,-2,-10,0
10675,1067,0,0,1,0,7,65224,10,-16,-2,18,-8
10685,1068,0,0,1,0,8,60544,6,-16,-2,18,2
10695,1069,0,0,1,0,9,51200,3,-16,-2,18,-40
10705,1070,0,0,0,0,9,32768,1,-16,-2,18,-60
10715,1071,0,0,0,1,9,32768,1,-16,-2,18,-60
10725,1072,0,1,1,0,0,0,0,0,0,0,0
10735,1073,0,0,1,0,1,1,1,3,0,0,0
10745,1074,0,0,1,0,2,19,3,-4,0,0,0
10755,1075,0,0,1,0,3,311,6,44,0,0,0
10765,1076,0,0,1,0,4,4991,10,34,9,-4,0
10775,1077,0,0,1,0,5,14334,12,34,1,45,0
10785,1078,0,0,1,0,6,32748,12,34,1,63,0
10795,1079,0,0,1,0,7,65224,10,34,-15,103,-12
10805,1080,0,0,1,0,8,60544,6,34,-15,103,44
10815,1081,0,0,1,0,9,51200,3,34,-15,103,44
10825,1082,0,0,0,0,9,32768,1,34,-15,103,108
10835,1083,0,0,0,1,9,32768,1,34,-15,103,108
10845,1084,0,1,1,0,0,0,0,0,0,0,0
10855,1085,0,0,1,0,1,1,1,-24,0,0,0
10865,1086,0,0,1,0,2,19,3,-16,0,0,0
10875,1087,0,0,1,0,3,311,6,-12,0,0,0
10885,1088,0,0,1,0,4,4991,10,-60,-12,24,0
10895,1089,0,0,1,0,5,14334,12,-60,-40,22,0
10905,1090,0,0,1,0,6,32748,12,-60,-16,29,0
10915,1091,0,0,1,0,7,65224,10,-60,32,5,12
10925,1092,0,0,1,0,8,60544,6,-60,32,5,19
10935,1093,0,0,1,0,9,51200,3,-60,32,5,61
10945,1094,0,0,0,0,9,32768,1,-60,32,5,85
10955,1095,0,0,0,1,9,32768,1,-60,32,5,85
10965,1096,0,1,1,0,0,0,0,0,0,0,0
10975,1097,0,0,1,0,1,1,1,-25,0,0,0
10985,1098,0,0,1,0,2,19,3,-49,0,0,0
10995,1099,0,0,1,0,3,311,6,-49,0,0,0
11005,1100,0,0,1,0,4,4991,10,-34,40,20,0
11015,1101,0,0,1,0,5,14334,12,-34,88,32,0
11025,1102,0,0,1,0,6,32748,12,-34,88,14,0
11035,1103,0,0,1,0,7,65224,10,-34,97,-11,-32
11045,1104,0,0,1,0,8,60544,6,-34,97,-11,-56
11055,1105,0,0,1,0,9,51200,3,-34,97,-11,-26
11065,1106,0,0,0,0,9,32768,1,-34,97,-11,-41
11075,1107,0,0,0,1,9,32768,1,-34,97,-11,-41
11085,1108,0,1,1,0,0,0,0,0,0,0,0
11095,1109,0,0,1,0,1,1,1,-2,0,0,0
11105,1110,0,0,1,0,2,19,3,-50,0,0,0
11115,1111,0,0,1,0,3,311,6,-26,0,0,0
11125,1112,0,0,1,0,4,4991,10,-36,-12,-7,0
11135,1113,0,0,1,0,5,14334,12,-36,24,-23,0
11145,1114,0,0,1,0,6,32748,12,-36,24,-23,0
11155,1115,0,0,1,0,7,65224,10,-36,29,-33,-42
11165,1116,0,0,1,0,8,60544,6,-36,29,-33,-30
11175,1117,0,0,1,0,9,51200,3,-36,29,-33,-30
11185,1118,0,0,0,0,9,32768,1,-36,29,-33,-25
11195,1119,0,0,0,1,9,32768,1,-36,29,-33,-25
11205,1120,0,1,1,0,0,0,0,0,0,0,0
11215,1121,0,0,1,0,1,1,1,0,0,0,0
11225,1122,0,0,1,0,2,19,3,-32,0,0,0
11235,1123,0,0,1,0,3,311,6,-50,0,0,0
11245,1124,0,0,1,0,4,4991,10,-50,-28,0,0
11255,1125,0,0,1,0,5,14334,12,-50,-20,20,0
11265,1126,0,0,1,0,6,32748,12,-50,4,-22,0
11275,1127,0,0,1,0,7,65224,10,-50,-2,-22,0
11285,1128,0,0,1,0,8,60544,6,-50,-2,-22,-5
11295,1129,0,0,1,0,9,51200,3,-50,-2,-22,51
11305,1130,0,0,0,0,9,32768,1,-50,-2,-22,44
11315,1131,0,0,0,1,9,32768,1,-50,-2,-22,44
11325,1132,0,1,1,0,0,0,0,0,0,0,0
11335,1133,0,0,1,0,1,1,1,-48,0,0,0
11345,1134,0,0,1,0,2,19,3,-28,0,0,0
11355,1135,0,0,1,0,3,311,6,-12,0,0,0
11365,1136,0,0,1,0,4,4991,10,-12,-24,40,0
11375,1137,0,0,1,0,5,14334,12,-12,-14,56,0
11385,1138,0,0,1,0,6,32748,12,-12,0,64,0
11395,1139,0,0,1,0,7,65224,10,-12,0,64,20
11405,1140,0,0,1,0,8,60544,6,-12,0,64,28
11415,1141,0,0,1,0,9,51200,3,-12,0,64,35
11425,1142,0,0,0,0,9,32768,1,-12,0,64,35
11435,1143,0,0,0,1,9,32768,1,-12,0,64,35
11445,1144,0,1,1,0,0,0,0,0,0,0,0
11455,1145,0,0,1,0,1,1,1,-5,0,0,0
11465,1146,0,0,1,0,2,19,3,-5,0,0,0
11475,1147,0,0,1,0,3,311,6,-40,0,0,0
11485,1148,0,0,1,0,4,4991,10,-28,-25,3,0
11495,1149,0,0,1,0,5,14334,12,-28,-25,3,0
11505,1150,0,0,1,0,6,32748,12,-28,-74,-37,0
11515,1151,0,0,1,0,7,65224,10,-28,-65,-37,15
11525,1152,0,0,1,0,8,60544,6,-28,-65,-37,15
11535,1153,0,0,1,0,9,51200,3,-28,-65,-37,-41
11545,1154,0,0,0,0,9,32768,1,-28,-65,-37,-41
11555,1155,0,0,0,1,9,32768,1,-28,-65,-37,-41
11565,1156,0,1,1,0,0,0,0,0,0,0,0
11575,1157,0,0,1,0,1,1,1,8,0,0,0
11585,1158,0,0,1,0,2,19,3,-32,0,0,0
11595,1159,0,0,1,0,3,311,6,16,0,0,0
11605,1160,0,0,1,0,4,4991,10,80,8,64,0
11615,1161,0,0,1,0,5,14334,12,80,-24,89,0
11625,1162,0,0,1,0,6,32748,12,80,-72,137,0
11635,1163,0,0,1,0,7,65224,10,80,-88,169,64
11645,1164,0,0,1,0,8,60544,6,80,-88,169,84
11655,1165,0,0,1,0,9,51200,3,80,-88,169,36
11665,1166,0,0,0,0,9,32768,1,80,-88,169,28
11675,1167,0,0,0,1,9,32768,1,80,-88,169,28
11685,1168,0,1,1,0,0,0,0,0,0,0,0
11695,1169,0,0,1,0,1,1,1,15,0,0,0
11705,1170,0,0,1,0,2,19,3,0,0,0,0
11715,1171,0,0,1,0,3,311,6,-2,0,0,0
11725,1172,0,0,1,0,4,4991,10,14,21,-5,0
11735,1173,0,0,1,0,5,14334,12,14,-4,19,0
11745,1174,0,0,1,0,6,32748,12,14,-2,26,0
11755,1175,0,0,1,0,7,65224,10,14,54,10,-7
11765,1176,0,0,1,0,8,60544,6,14,54,10,33
11775,1177,0,0,1,0,9,51200,3,14,54,10,26
11785,1178,0,0,0,0,9,32768,1,14,54,10,-30
11795,1179,0,0,0,1,9,32768,1,14,54,10,-30
11805,1180,0,1,1,0,0,0,0,0,0,0,0
11815,1181,0,0,1,0,1,1,1,-7,0,0,0
11825,1182,0,0,1,0,2,19,3,41,0,0,0
11835,1183,0,0,1,0,3,311,6,41,0,0,0
11845,1184,0,0,1,0,4,4991,10,11,42,2,0
11855,1185,0,0,1,0,5,14334,12,11,10,-22,0
11865,1186,0,0,1,0,6,32748,12,11,-14,-22,0
11875,1187,0,0,1,0,7,65224,10,11,-44,-40,-12
11885,1188,0,0,1,0,8,60544,6,11,-44,-40,4
11895,1189,0,0,1,0,9,51200,3,11,-44,-40,-20
11905,1190,0,0,0,0,9,32768,1,11,-44,-40,-38
11915,1191,0,0,0,1,9,32768,1,11,-44,-40,-38
11925,1192,0,1,1,0,0,0,0,0,0,0,0
11935,1193,0,0,1,0,1,1,1,-6,0,0,0
11945,1194,0,0,1,0,2,19,3,-34,0,0,0
11955,1195,0,0,1,0,3,311,6,8,0,0,0
11965,1196,0,0,1,0,4,4991,10,24,42,5,0
11975,1197,0,0,1,0,5,14334,12,24,26,-51,0
11985,1198,0,0,1,0,6,32748,12,24,74,-107,0
11995,1199,0,0,1,0,7,65224,10,24,58,-121,-35
12005,1200,0,0,1,0,8,60544,6,24,58,-121,-67
12015,1201,0,0,1,0,9,51200,3,24,58,-121,-131
12025,1202,0,0,0,0,9,32768,1,24,58,-121,-117
12035,1203,0,0,0,1,9,32768,1,24,58,-121,-117
12045,1204,0,1,1,0,0,0,0,0,0,0,0
12055,1205,0,0,1,0,1,1,1,35,0,0,0
12065,1206,0,0,1,0,2,19,3,35,0,0,0
12075,1207,0,0,1,0,3,311,6,-5,0,0,0
12085,1208,0,0,1,0,4,4991,10,9,-28,-25,0
12095,1209,0,0,1,0,5,14334,12,9,-28,31,0
12105,1210,0,0,1,0,6,32748,12,9,36,66,0
12115,1211,0,0,1,0,7,65224,10,9,15,78,20
12125,1212,0,0,1,0,8,60544,6,9,15,78,20
12135,1213,0,0,1,0,9,51200,3,9,15,78,-36
12145,1214,0,0,0,0,9,32768,1,9,15,78,-54
12155,1215,0,0,0,1,9,32768,1,9,15,78,-54
12165,1216,0,1,1,0,0,0,0,0,0,0,0
12175,1217,0,0,1,0,1,1,1,-16,0,0,0
12185,1218,0,0,1,0,2,19,3,-20,0,0,0
12195,1219,0,0,1,0,3,311,6,28,0,0,0
12205,1220,0,0,1,0,4,4991,10,43,-8,28,0
12215,1221,0,0,1,0,5,14334,12,43,-6,44,0
12225,1222,0,0,1,0,6,32748,12,43,42,8,0
12235,1223,0,0,1,0,7,65224,10,43,60,18,14
12245,1224,0,0,1,0,8,60544,6,43,60,18,6
12255,1225,0,0,1,0,9,51200,3,43,60,18,-30
12265,1226,0,0,0,0,9,32768,1,43,60,18,-18
12275,1227,0,0,0,1,9,32768,1,43,60,18,-18
12285,1228,0,1,1,0,0,0,0,0,0,0,0
12295,1229,0,0,1,0,1,1,1,-16,0,0,0
12305,1230,0,0,1,0,2,19,3,-10,0,0,0
12315,1231,0,0,1,0,3,311,6,-10,0,0,0
12325,1232,0,0,1,0,4,4991,10,-16,8,16,0
12335,1233,0,0,1,0,5,14334,12,-16,-40,15,0
12345,1234,0,0,1,0,6,32748,12,-16,-40,25,0
12355,1235,0,0,1,0,7,65224,10,-16,-52,23,-8
12365,1236,0,0,1,0,8,60544,6,-16,-52,23,0
12375,1237,0,0,1,0,9,51200,3,-16,-52,23,0
12385,1238,0,0,0,0,9,32768,1,-16,-52,23,-4
12395,1239,0,0,0,1,9,32768,1,-16,-52,23,-4
12405,1240,0,1,1,0,0,0,0,0,0,0,0
12415,1241,0,0,1,0,1,1,1,12,0,0,0
12425,1242,0,0,1,0,2,19,3,-36,0,0,0
12435,1243,0,0,1,0,3,311,6,-48,0,0,0
12445,1244,0,0,1,0,4,4991,10,-62,-16,-42,0
12455,1245,0,0,1,0,5,14334,12,-62,-40,-42,0
12465,1246,0,0,1,0,6,32748,12,-62,-50,-24,0
12475,1247,0,0,1,0,7,65224,10,-62,-40,25,56
12485,1248,0,0,1,0,8,60544,6,-62,-40,25,56
12495,1249,0,0,1,0,9,51200,3,-62,-40,25,71
12505,1250,0,0,0,0,9,32768,1,-62,-40,25,36
12515,1251,0,0,0,1,9,32768,1,-62,-40,25,36
12525,1252,0,1,1,0,0,0,0,0,0,0,0
12535,1253,0,0,1,0,1,1,1,56,0,0,0
12545,1254,0,0,1,0,2,19,3,26,0,0,0
12555,1255,0,0,1,0,3,311,6,68,0,0,0
12565,1256,0,0,1,0,4,4991,10,50,35,-56,0
12575,1257,0,0,1,0,5,14334,12,50,75,-26,0
12585,1258,0,0,1,0,6,32748,12,50,81,-12,0
12595,1259,0,0,1,0,7,65224,10,50,93,-15,-35
12605,1260,0,0,1,0,8,60544,6,50,93,-15,-75
12615,1261,0,0,1,0,9,51200,3,50,93,-15,-73
12625,1262,0,0,0,0,9,32768,1,50,93,-15,-71
12635,1263,0,0,0,1,9,32768,1,50,93,-15,-71
12645,1264,0,1,1,0,0,0,0,0,0,0,0
12655,1265,0,0,1,0,1,1,1,-10,0,0,0
12665,1266,0,0,1,0,2,19,3,-14,0,0,0
12675,1267,0,0,1,0,3,311,6,-20,0,0,0
12685,1268,0,0,1,0,4,4991,10,-23,30,-16,0
12695,1269,0,0,1,0,5,14334,12,-23,32,-8,0
12705,1270,0,0,1,0,6,32748,12,-23,32,-6,0
12715,1271,0,0,1,0,7,65224,10,-23,8,-5,48
12725,1272,0,0,1,0,8,60544,6,-23,8,-5,44
12735,1273,0,0,1,0,9,51200,3,-23,8,-5,44
12745,1274,0,0,0,0,9,32768,1,-23,8,-5,52
12755,1275,0,0,0,1,9,32768,1,-23,8,-5,52
12765,1276,0,1,1,0,0,0,0,0,0,0,0
12775,1277,0,0,1,0,1,1,1,42,0,0,0
12785,1278,0,0,1,0,2,19,3,28,0,0,0
12795,1279,0,0,1,0,3,311,6,16,0,0,0
12805,1280,0,0,1,0,4,4991,10,52,-6,28,0
12815,1281,0,0,1,0,5,14334,12,52,-13,18,0
12825,1282,0,0,1,0,6,32748,12,52,-1,18,0
12835,1283,0,0,1,0,7,65224,10,52,-1,-12,-4
12845,1284,0,0,1,0,8,60544,6,52,-1,-12,-9
12855,1285,0,0,1,0,9,51200,3,52,-1,-12,-9
12865,1286,0,0,0,0,9,32768,1,52,-1,-12,-9
12875,1287,0,0,0,1,9,32768,1,52,-1,-12,-9
12885,1288,0,1,1,0,0,0,0,0,0,0,0
12895,1289,0,0,1,0,1,1,1,-35,0,0,0
12905,1290,0,0,1,0,2,19,3,-44,0,0,0
12915,1291,0,0,1,0,3,311,6,-72,0,0,0
12925,1292,0,0,1,0,4,4991,10,-128,5,21,0
12935,1293,0,0,1,0,5,14334,12,-128,14,3,0
12945,1294,0,0,1,0,6,32748,12,-128,14,-17,0
12955,1295,0,0,1,0,7,65224,10,-128,14,39,-3
12965,1296,0,0,1,0,8,60544,6,-128,14,39,15
12975,1297,0,0,1,0,9,51200,3,-128,14,39,15
12985,1298,0,0,0,0,9,32768,1,-128,14,39,15
12995,1299,0,0,0,1,9,32768,1,-128,14,39,15
13005,1300,0,1,1,0,0,0,0,0,0,0,0
13015,1301,0,0,1,0,1,1,1,0,0,0,0
13025,1302,0,0,1,0,2,19,3,3,0,0,0
13035,1303,0,0,1,0,3,311,6,-21,0,0,0
13045,1304,0,0,1,0,4,4991,10,-1,20,0,0
13055,1305,0,0,1,0,5,14334,12,-1,20,-24,0
13065,1306,0,0,1,0,6,32748,12,-1,28,-9,0
13075,1307,0,0,1,0,7,65224,10,-1,-4,-49,-24
13085,1308,0,0,1,0,8,60544,6,-1,-4,-49,-24
13095,1309,0,0,1,0,9,51200,3,-1,-4,-49,-29
13105,1310,0,0,0,0,9,32768,1,-1,-4,-49,35
13115,1311,0,0,0,1,9,32768,1,-1,-4,-49,35
13125,1312,0,1,1,0,0,0,0,0,0,0,0
13135,1313,0,0,1,0,1,1,1,-56,0,0,0
13145,1314,0,0,1,0,2,19,3,-56,0,0,0
13155,1315,0,0,1,0,3,311,6,-49,0,0,0
13165,1316,0,0,1,0,4,4991,10,-49,64,-56,0
13175,1317,0,0,1,0,5,14334,12,-49,8,-56,0
13185,1318,0,0,1,0,6,32748,12,-49,-34,-54,0
13195,1319,0,0,1,0,7,65224,10,-49,-34,-34,64
13205,1320,0,0,1,0,8,60544,6,-49,-34,-34,24
13215,1321,0,0,1,0,9,51200,3,-49,-34,-34,12
13225,1322,0,0,0,0,9,32768,1,-49,-34,-34,52
13235,1323,0,0,0,1,9,32768,1,-49,-34,-34,52
13245,1324,0,1,1,0,0,0,0,0,0,0,0
13255,1325,0,0,1,0,1,1,1,40,0,0,0
13265,1326,0,0,1,0,2,19,3,42,0,0,0
13275,1327,0,0,1,0,3,311,6,84,0,0,0
13285,1328,0,0,1,0,4,4991,10,88,64,-15,0
13295,1329,0,0,1,0,5,14334,12,88,57,-17,0
13305,1330,0,0,1,0,6,32748,12,88,99,-17,0
13315,1331,0,0,1,0,7,65224,10,88,109,-11,-24
13325,1332,0,0,1,0,8,60544,6,88,109,-11,-17
13335,1333,0,0,1,0,9,51200,3,88,109,-11,-17
13345,1334,0,0,0,0,9,32768,1,88,109,-11,-2
13355,1335,0,0,0,1,9,32768,1,88,109,-11,-2
13365,1336,0,1,1,0,0,0,0,0,0,0,0
13375,1337,0,0,1,0,1,1,1,-25,0,0,0
13385,1338,0,0,1,0,2,19,3,-60,0,0,0
13395,1339,0,0,1,0,3,311,6,-60,0,0,0
13405,1340,0,0,1,0,4,4991,10,-35,-5,0,0
13415,1341,0,0,1,0,5,14334,12,-35,10,14,0
13425,1342,0,0,1,0,6,32748,12,-35,30,14,0
13435,1343,0,0,1,0,7,65224,10,-35,45,24,0
13445,1344,0,0,1,0,8,60544,6,-35,45,24,-6
13455,1345,0,0,1,0,9,51200,3,-35,45,24,29
13465,1346,0,0,0,0,9,32768,1,-35,45,24,35
13475,1347,0,0,0,1,9,32768,1,-35,45,24,35
13485,1348,0,1,1,0,0,0,0,0,0,0,0
13495,1349,0,0,1,0,1,1,1,25,0,0,0
13505,1350,0,0,1,0,2,19,3,24,0,0,0
13515,1351,0,0,1,0,3,311,6,-32,0,0,0
13525,1352,0,0,1,0,4,4991,10,-24,25,-5,0
13535,1353,0,0,1,0,5,14334,12,-24,31,-4,0
13545,1354,0,0,1,0,6,32748,12,-24,31,4,0
13555,1355,0,0,1,0,7,65224,10,-24,38,20,-5
13565,1356,0,0,1,0,8,60544,6,-24,38,20,-11
13575,1357,0,0,1,0,9,51200,3,-24,38,20,-11
13585,1358,0,0,0,0,9,32768,1,-24,38,20,3
13595,1359,0,0,0,1,9,32768,1,-24,38,20,3
13605,1360,0,1,1,0,0,0,0,0,0,0,0
13615,1361,0,0,1,0,1,1,1,-12,0,0,0
13625,1362,0,0,1,0,2,19,3,-14,0,0,0
13635,1363,0,0,1,0,3,311,6,-14,0,0,0
13645,1364,0,0,1,0,4,4991,10,22,-18,-4,0
13655,1365,0,0,1,0,5,14334,12,22,-13,8,0
13665,1366,0,0,1,0,6,32748,12,22,-13,8,0
13675,1367,0,0,1,0,7,65224,10,22,-25,-34,-6
13685,1368,0,0,1,0,8,60544,6,22,-25,-34,-36
13695,1369,0,0,1,0,9,51200,3,22,-25,-34,-46
13705,1370,0,0,0,0,9,32768,1,22,-25,-34,-32
13715,1371,0,0,0,1,9,32768,1,22,-25,-34,-32
13725,1372,0,1,1,0,0,0,0,0,0,0,0
13735,1373,0,0,1,0,1,1,1,14,0,0,0
13745,1374,0,0,1,0,2,19,3,-10,0,0,0
13755,1375,0,0,1,0,3,311,6,5,0,0,0
13765,1376,0,0,1,0,4,4991,10,-1,-56,12,0
13775,1377,0,0,1,0,5,14334,12,-1,-104,12,0
13785,1378,0,0,1,0,6,32748,12,-1,-69,36,0
13795,1379,0,0,1,0,7,65224,10,-1,-57,20,-48
13805,1380,0,0,1,0,8,60544,6,-1,-57,20,-48
13815,1381,0,0,1,0,9,51200,3,-1,-57,20,8
13825,1382,0,0,0,0,9,32768,1,-1,-57,20,40
13835,1383,0,0,0,1,9,32768,1,-1,-57,20,40
13845,1384,0,1,1,0,0,0,0,0,0,0,0
13855,1385,0,0,1,0,1,1,1,-28,0,0,0
13865,1386,0,0,1,0,2,19,3,-84,0,0,0
13875,1387,0,0,1,0,3,311,6,-69,0,0,0
13885,1388,0,0,1,0,4,4991,10,-37,28,0,0
13895,1389,0,0,1,0,5,14334,12,-37,21,-8,0
13905,1390,0,0,1,0,6,32748,12,-37,6,-38,0
13915,1391,0,0,1,0,7,65224,10,-37,22,18,0
13925,1392,0,0,1,0,8,60544,6,-37,22,18,-1
13935,1393,0,0,1,0,9,51200,3,-37,22,18,29
13945,1394,0,0,0,0,9,32768,1,-37,22,18,57
13955,1395,0,0,0,1,9,32768,1,-37,22,18,57
13965,1396,0,1,1,0,0,0,0,0,0,0,0
13975,1397,0,0,1,0,1,1,1,-6,0,0,0
13985,1398,0,0,1,0,2,19,3,-22,0,0,0
13995,1399,0,0,1,0,3,311,6,-37,0,0,0
14005,1400,0,0,1,0,4,4991,10,-34,3,-12,0
14015,1401,0,0,1,0,5,14334,12,-34,-53,2,0
14025,1402,0,0,1,0,6,32748,12,-34,-29,-23,0
14035,1403,0,0,1,0,7,65224,10,-34,-29,-44,6
14045,1404,0,0,1,0,8,60544,6,-34,-29,-44,55
14055,1405,0,0,1,0,9,51200,3,-34,-29,-44,95
14065,1406,0,0,0,0,9,32768,1,-34,-29,-44,95
14075,1407,0,0,0,1,9,32768,1,-34,-29,-44,95
14085,1408,0,1,1,0,0,0,0,0,0,0,0
14095,1409,0,0,1,0,1,1,1,0,0,0,0
14105,1410,0,0,1,0,2,19,3,9,0,0,0
14115,1411,0,0,1,0,3,311,6,41,0,0,0
14125,1412,0,0,1,0,4,4991,10,46,-8,0,0
14135,1413,0,0,1,0,5,14334,12,46,1,-21,0
14145,1414,0,0,1,0,6,32748,12,46,29,-77,0
14155,1415,0,0,1,0,7,65224,10,46,21,-112,-8
14165,1416,0,0,1,0,8,60544,6,46,21,-112,-29
14175,1417,0,0,1,0,9,51200,3,46,21,-112,-78
14185,1418,0,0,0,0,9,32768,1,46,21,-112,-22
14195,1419,0,0,0,1,9,32768,1,46,21,-112,-22
14205,1420,0,1,1,0,0,0,0,0,0,0,0
14215,1421,0,0,1,0,1,1,1,12,0,0,0
14225,1422,0,0,1,0,2,19,3,12,0,0,0
14235,1423,0,0,1,0,3,311,6,12,0,0,0
14245,1424,0,0,1,0,4,4991,10,14,42,14,0
14255,1425,0,0,1,0,5,14334,12,14,42,4,0
14265,1426,0,0,1,0,6,32748,12,14,-7,4,0
14275,1427,0,0,1,0,7,65224,10,14,7,-4,49
14285,1428,0,0,1,0,8,60544,6,14,7,-4,59
14295,1429,0,0,1,0,9,51200,3,14,7,-4,108
14305,1430,0,0,0,0,9,32768,1,14,7,-4,52
14315,1431,0,0,0,1,9,32768,1,14,7,-4,52
14325,1432,0,1,1,0,0,0,0,0,0,0,0
14335,1433,0,0,1,0,1,1,1,-32,0,0,0
14345,1434,0,0,1,0,2,19,3,-37,0,0,0
14355,1435,0,0,1,0,3,311,6,-67,0,0,0
14365,1436,0,0,1,0,4,4991,10,-64,-20,-8,0
14375,1437,0,0,1,0,5,14334,12,-64,-10,-15,0
14385,1438,0,0,1,0,6,32748,12,-64,2,-5,0
14395,1439,0,0,1,0,7,65224,10,-64,4,-17,-5
14405,1440,0,0,1,0,8,60544,6,-64,4,-17,9
14415,1441,0,0,1,0,9,51200,3,-64,4,-17,5
14425,1442,0,0,0,0,9,32768,1,-64,4,-17,-3
14435,1443,0,0,0,1,9,32768,1,-64,4,-17,-3
14445,1444,0,1,1,0,0,0,0,0,0,0,0
14455,1445,0,0,1,0,1,1,1,0,0,0,0
14465,1446,0,0,1,0,2,19,3,8,0,0,0
14475,1447,0,0,1,0,3,311,6,12,0,0,0
14485,1448,0,0,1,0,4,4991,10,42,0,0,0
14495,1449,0,0,1,0,5,14334,12,42,7,32,0
14505,1450,0,0,1,0,6,32748,12,42,15,42,0
14515,1451,0,0,1,0,7,65224,10,42,-15,84,0
14525,1452,0,0,1,0,8,60544,6,42,-15,84,28
14535,1453,0,0,1,0,9,51200,3,42,-15,84,48
14545,1454,0,0,0,0,9,32768,1,42,-15,84,6
14555,1455,0,0,0,1,9,32768,1,42,-15,84,6
14565,1456,0,1,1,0,0,0,0,0,0,0,0
14575,1457,0,0,1,0,1,1,1,-8,0,0,0
14585,1458,0,0,1,0,2,19,3,-32,0,0,0
14595,1459,0,0,1,0,3,311,6,-8,0,0,0
14605,1460,0,0,1,0,4,4991,10,-8,-56,-4,0
14615,1461,0,0,1,0,5,14334,12,-8,-62,-52,0
14625,1462,0,0,1,0,6,32748,12,-8,-71,-100,0
14635,1463,0,0,1,0,7,65224,10,-8,-127,-100,-28
14645,1464,0,0,1,0,8,60544,6,-8,-127,-100,-40
14655,1465,0,0,1,0,9,51200,3,-8,-127,-100,-22
14665,1466,0,0,0,0,9,32768,1,-8,-127,-100,-62
14675,1467,0,0,0,1,9,32768,1,-8,-127,-100,-62
14685,1468,0,1,1,0,0,0,0,0,0,0,0
14695,1469,0,0,1,0,1,1,1,32,0,0,0
14705,1470,0,0,1,0,2,19,3,0,0,0,0
14715,1471,0,0,1,0,3,311,6,4,0,0,0
14725,1472,0,0,1,0,4,4991,10,25,-64,-24,0
14735,1473,0,0,1,0,5,14334,12,25,-36,16,0
14745,1474,0,0,1,0,6,32748,12,25,-32,11,0
14755,1475,0,0,1,0,7,65224,10,25,-23,-17,48
14765,1476,0,0,1,0,8,60544,6,25,-23,-17,13
14775,1477,0,0,1,0,9,51200,3,25,-23,-17,8
14785,1478,0,0,0,0,9,32768,1,25,-23,-17,-4
14795,1479,0,0,0,1,9,32768,1,25,-23,-17,-4
14805,1480,0,1,1,0,0,0,0,0,0,0,0
14815,1481,0,0,1,0,1,1,1,5,0,0,0
14825,1482,0,0,1,0,2,19,3,29,0,0,0
14835,1483,0,0,1,0,3,311,6,26,0,0,0
14845,1484,0,0,1,0,4,4991,10,40,-5,-2,0
14855,1485,0,0,1,0,5,14334,12,40,59,-11,0
14865,1486,0,0,1,0,6,32748,12,40,41,-11,0
14875,1487,0,0,1,0,7,65224,10,40,49,-18,2
14885,1488,0,0,1,0,8,60544,6,40,49,-18,-22
14895,1489,0,0,1,0,9,51200,3,40,49,-18,-22
14905,1490,0,0,0,0,9,32768,1,40,49,-18,-26
14915,1491,0,0,0,1,9,32768,1,40,49,-18,-26
14925,1492,0,1,1,0,0,0,0,0,0,0,0
14935,1493,0,0,1,0,1,1,1,12,0,0,0
14945,1494,0,0,1,0,2,19,3,-2,0,0,0
14955,1495,0,0,1,0,3,311,6,-10,0,0,0
14965,1496,0,0,1,0,4,4991,10,-15,16,3,0
14975,1497,0,0,1,0,5,14334,12,-15,16,45,0
14985,1498,0,0,1,0,6,32748,12,-15,24,65,0
14995,1499,0,0,1,0,7,65224,10,-15,32,55,4
15005,1500,0,0,1,0,8,60544,6,-15,32,55,4
15015,1501,0,0,1,0,9,51200,3,-15,32,55,-16
15025,1502,0,0,0,0,9,32768,1,-15,32,55,0
15035,1503,0,0,0,1,9,32768,1,-15,32,55,0
15045,1504,0,1,1,0,0,0,0,0,0,0,0
15055,1505,0,0,1,0,1,1,1,8,0,0,0
15065,1506,0,0,1,0,2,19,3,-24,0,0,0
15075,1507,0,0,1,0,3,311,6,-17,0,0,0
15085,1508,0,0,1,0,4,4991,10,-17,4,32,0
15095,1509,0,0,1,0,5,14334,12,-17,36,16,0
15105,1510,0,0,1,0,6,32748,12,-17,42,-12,0
15115,1511,0,0,1,0,7,65224,10,-17,42,-24,16
15125,1512,0,0,1,0,8,60544,6,-17,42,-24,32
15135,1513,0,0,1,0,9,51200,3,-17,42,-24,8
15145,1514,0,0,0,0,9,32768,1,-17,42,-24,40
15155,1515,0,0,0,1,9,32768,1,-17,42,-24,40
15165,1516,0,1,1,0,0,0,0,0,0,0,0
15175,1517,0,0,1,0,1,1,1,10,0,0,0
15185,1518,0,0,1,0,2,19,3,34,0,0,0
15195,1519,0,0,1,0,3,311,6,58,0,0,0
15205,1520,0,0,1,0,4,4991,10,58,-20,-12,0
15215,1521,0,0,1,0,5,14334,12,58,-44,-24,0
15225,1522,0,0,1,0,6,32748,12,58,-26,-52,0
15235,1523,0,0,1,0,7,65224,10,58,-26,-43,24
15245,1524,0,0,1,0,8,60544,6,58,-26,-43,36
15255,1525,0,0,1,0,9,51200,3,58,-26,-43,15
15265,1526,0,0,0,0,9,32768,1,58,-26,-43,36
15275,1527,0,0,0,1,9,32768,1,58,-26,-43,36
15285,1528,0,1,1,0,0,0,0,0,0,0,0
15295,1529,0,0,1,0,1,1,1,20,0,0,0
15305,1530,0,0,1,0,2,19,3,8,0,0,0
15315,1531,0,0,1,0,3,311,6,-7,0,0,0
15325,1532,0,0,1,0,4,4991,10,5,-5,4,0
15335,1533,0,0,1,0,5,14334,12,5,19,-28,0
15345,1534,0,0,1,0,6,32748,12,5,39,-31,0
15355,1535,0,0,1,0,7,65224,10,5,7,-34,-1
15365,1536,0,0,1,0,8,60544,6,5,7,-34,63
15375,1537,0,0,1,0,9,51200,3,5,7,-34,67
15385,1538,0,0,0,0,9,32768,1,5,7,-34,75
15395,1539,0,0,0,1,9,32768,1,5,7,-34,75
15405,1540,0,1,1,0,0,0,0,0,0,0,0
15415,1541,0,0,1,0,1,1,1,0,0,0,0
15425,1542,0,0,1,0,2,19,3,-21,0,0,0
15435,1543,0,0,1,0,3,311,6,-77,0,0,0
15445,1544,0,0,1,0,4,4991,10,-21,0,-24,0
15455,1545,0,0,1,0,5,14334,12,-21,56,-45,0
15465,1546,0,0,1,0,6,32748,12,-21,7,-45,0
15475,1547,0,0,1,0,7,65224,10,-21,-7,-101,-42
15485,1548,0,0,1,0,8,60544,6,-21,-7,-101,14
15495,1549,0,0,1,0,9,51200,3,-21,-7,-101,14
15505,1550,0,0,0,0,9,32768,1,-21,-7,-101,28
15515,1551,0,0,0,1,9,32768,1,-21,-7,-101,28
15525,1552,0,1,1,0,0,0,0,0,0,0,0
15535,1553,0,0,1,0,1,1,1,20,0,0,0
15545,1554,0,0,1,0,2,19,3,44,0,0,0
15555,1555,0,0,1,0,3,311,6,56,0,0,0
15565,1556,0,0,1,0,4,4991,10,56,28,-40,0
15575,1557,0,0,1,0,5,14334,12,56,70,-48,0
15585,1558,0,0,1,0,6,32748,12,56,74,-54,0
15595,1559,0,0,1,0,7,65224,10,56,74,-86,-56
15605,1560,0,0,1,0,8,60544,6,56,74,-86,-70
15615,1561,0,0,1,0,9,51200,3,56,74,-86,-72
15625,1562,0,0,0,0,9,32768,1,56,74,-86,-96
15635,1563,0,0,0,1,9,32768,1,56,74,-86,-96
15645,1564,0,1,1,0,0,0,0,0,0,0,0
15655,1565,0,0,1,0,1,1,1,56,0,0,0
15665,1566,0,0,1,0,2,19,3,40,0,0,0
15675,1567,0,0,1,0,3,311,6,34,0,0,0
15685,1568,0,0,1,0,4,4991,10,-8,48,28,0
15695,1569,0,0,1,0,5,14334,12,-8,44,60,0
15705,1570,0,0,1,0,6,32748,12,-8,47,48,0
15715,1571,0,0,1,0,7,65224,10,-8,-2,36,24
15725,1572,0,0,1,0,8,60544,6,-8,-2,36,32
15735,1573,0,0,1,0,9,51200,3,-8,-2,36,38
15745,1574,0,0,0,0,9,32768,1,-8,-2,36,24
15755,1575,0,0,0,1,9,32768,1,-8,-2,36,24
15765,1576,0,1,1,0,0,0,0,0,0,0,0
15775,1577,0,0,1,0,1,1,1,-20,0,0,0
15785,1578,0,0,1,0,2,19,3,-2,0,0,0
15795,1579,0,0,1,0,3,311,6,30,0,0,0
15805,1580,0,0,1,0,4,4991,10,32,-20,20,0
15815,1581,0,0,1,0,5,14334,12,32,-2,-16,0
15825,1582,0,0,1,0,6,32748,12,32,-18,0,0
15835,1583,0,0,1,0,7,65224,10,32,-23,4,20
15845,1584,0,0,1,0,8,60544,6,32,-23,4,-16
15855,1585,0,0,1,0,9,51200,3,32,-23,4,-24
15865,1586,0,0,0,0,9,32768,1,32,-23,4,-34
15875,1587,0,0,0,1,9,32768,1,32,-23,4,-34
15885,1588,0,1,1,0,0,0,0,0,0,0,0
15895,1589,0,0,1,0,1,1,1,5,0,0,0
15905,1590,0,0,1,0,2,19,3,-9,0,0,0
15915,1591,0,0,1,0,3,311,6,-73,0,0,0
15925,1592,0,0,1,0,4,4991,10,-85,3,10,0
15935,1593,0,0,1,0,5,14334,12,-85,-5,-18,0
15945,1594,0,0,1,0,6,32748,12,-85,51,38,0
15955,1595,0,0,1,0,7,65224,10,-85,75,46,6
15965,1596,0,0,1,0,8,60544,6,-85,75,46,-10
15975,1597,0,0,1,0,9,51200,3,-85,75,46,-59
15985,1598,0,0,0,0,9,32768,1,-85,75,46,-75
15995,1599,0,0,0,1,9,32768,1,-85,75,46,-75
16005,1600,0,1,1,0,0,0,0,0,0,0,0
16015,1601,0,0,1,0,1,1,1,42,0,0,0
16025,1602,0,0,1,0,2,19,3,39,0,0,0
16035,1603,0,0,1,0,3,311,6,3,0,0,0
16045,1604,0,0,1,0,4,4991,10,-9,6,56,0
16055,1605,0,0,1,0,5,14334,12,-9,-15,50,0
16065,1606,0,0,1,0,6,32748,12,-9,27,68,0
16075,1607,0,0,1,0,7,65224,10,-9,15,47,8
16085,1608,0,0,1,0,8,60544,6,-9,15,47,-34
16095,1609,0,0,1,0,9,51200,3,-9,15,47,-55
16105,1610,0,0,0,0,9,32768,1,-9,15,47,-76
16115,1611,0,0,0,1,9,32768,1,-9,15,47,-76
16125,1612,0,1,1,0,0,0,0,0,0,0,0
16135,1613,0,0,1,0,1,1,1,-30,0,0,0
16145,1614,0,0,1,0,2,19,3,-27,0,0,0
16155,1615,0,0,1,0,3,311,6,15,0,0,0
16165,1616,0,0,1,0,4,4991,10,-41,-48,35,0
16175,1617,0,0,1,0,5,14334,12,-41,-57,38,0
16185,1618,0,0,1,0,6,32748,12,-41,-8,8,0
16195,1619,0,0,1,0,7,65224,10,-41,-40,-20,56
16205,1620,0,0,1,0,8,60544,6,-41,-40,-20,47
16215,1621,0,0,1,0,9,51200,3,-41,-40,-20,12
16225,1622,0,0,0,0,9,32768,1,-41,-40,-20,-4
16235,1623,0,0,0,1,9,32768,1,-41,-40,-20,-4
16245,1624,0,1,1,0,0,0,0,0,0,0,0
16255,1625,0,0,1,0,1,1,1,56,0,0,0
16265,1626,0,0,1,0,2,19,3,70,0,0,0
16275,1627,0,0,1,0,3,311,6,91,0,0,0
16285,1628,0,0,1,0,4,4991,10,103,0,7,0
16295,1629,0,0,1,0,5,14334,12,103,-12,-21,0
16305,1630,0,0,1,0,6,32748,12,103,3,-7,0
16315,1631,0,0,1,0,7,65224,10,103,19,29,0
16325,1632,0,0,1,0,8,60544,6,103,19,29,24
16335,1633,0,0,1,0,9,51200,3,103,19,29,34
16345,1634,0,0,0,0,9,32768,1,103,19,29,82
16355,1635,0,0,0,1,9,32768,1,103,19,29,82
16365,1636,0,1,1,0,0,0,0,0,0,0,0
16375,1637,0,0,1,0,1,1,1,-12,0,0,0
16385,1638,0,0,1,0,2,19,3,-47,0,0,0
16395,1639,0,0,1,0,3,311,6,-39,0,0,0
16405,1640,0,0,1,0,4,4991,10,10,-21,32,0
16415,1641,0,0,1,0,5,14334,12,10,19,60,0
16425,1642,0,0,1,0,6,32748,12,10,-13,50,0
16435,1643,0,0,1,0,7,65224,10,10,8,92,56
16445,1644,0,0,1,0,8,60544,6,10,8,92,24
16455,1645,0,0,1,0,9,51200,3,10,8,92,64
16465,1646,0,0,0,0,9,32768,1,10,8,92,82
16475,1647,0,0,0,1,9,32768,1,10,8,92,82
16485,1648,0,1,1,0,0,0,0,0,0,0,0
16495,1649,0,0,1,0,1,1,1,0,0,0,0
16505,1650,0,0,1,0,2,19,3,18,0,0,0
16515,1651,0,0,1,0,3,311,6,26,0,0,0
16525,1652,0,0,1,0,4,4991,10,2,0,0,0
16535,1653,0,0,1,0,5,14334,12,2,24,-12,0
16545,1654,0,0,1,0,6,32748,12,2,27,-44,0
16555,1655,0,0,1,0,7,65224,10,2,3,-38,8
16565,1656,0,0,1,0,8,60544,6,2,3,-38,-8
16575,1657,0,0,1,0,9,51200,3,2,3,-38,-20
16585,1658,0,0,0,0,9,32768,1,2,3,-38,-14
16595,1659,0,0,0,1,9,32768,1,2,3,-38,-14
16605,1660,0,1,1,0,0,0,0,0,0,0,0
16615,1661,0,0,1,0,1,1,1,24,0,0,0
16625,1662,0,0,1,0,2,19,3,73,0,0,0
16635,1663,0,0,1,0,3,311,6,41,0,0,0
16645,1664,0,0,1,0,4,4991,10,81,-16,30,0
16655,1665,0,0,1,0,5,14334,12,81,-37,86,0
16665,1666,0,0,1,0,6,32748,12,81,-25,54,0
16675,1667,0,0,1,0,7,65224,10,81,-50,94,-20
16685,1668,0,0,1,0,8,60544,6,81,-50,94,-44
16695,1669,0,0,1,0,9,51200,3,81,-50,94,-32
16705,1670,0,0,0,0,9,32768,1,81,-50,94,-57
16715,1671,0,0,0,1,9,32768,1,81,-50,94,-57
16725,1672,0,1,1,0,0,0,0,0,0,0,0
16735,1673,0,0,1,0,1,1,1,-15,0,0,0
16745,1674,0,0,1,0,2,19,3,-20,0,0,0
16755,1675,0,0,1,0,3,311,6,-22,0,0,0
16765,1676,0,0,1,0,4,4991,10,26,25,12,0
16775,1677,0,0,1,0,5,14334,12,26,15,12,0
16785,1678,0,0,1,0,6,32748,12,26,10,10,0
16795,1679,0,0,1,0,7,65224,10,26,10,18,-20
16805,1680,0,0,1,0,8,60544,6,26,10,18,-20
16815,1681,0,0,1,0,9,51200,3,26,10,18,-25
16825,1682,0,0,0,0,9,32768,1,26,10,18,-25
16835,1683,0,0,0,1,9,32768,1,26,10,18,-25
16845,1684,0,1,1,0,0,0,0,0,0,0,0
16855,1685,0,0,1,0,1,1,1,-16,0,0,0
16865,1686,0,0,1,0,2,19,3,-58,0,0,0
16875,1687,0,0,1,0,3,311,6,-16,0,0,0
16885,1688,0,0,1,0,4,4991,10,-32,8,56,0
16895,1689,0,0,1,0,5,14334,12,-32,-41,14,0
16905,1690,0,0,1,0,6,32748,12,-32,-41,-21,0
16915,1691,0,0,1,0,7,65224,10,-32,-31,43,-28
16925,1692,0,0,1,0,8,60544,6,-32,-31,43,-77
16935,1693,0,0,1,0,9,51200,3,-32,-31,43,-77
16945,1694,0,0,0,0,9,32768,1,-32,-31,43,-117
16955,1695,0,0,0,1,9,32768,1,-32,-31,43,-117
16965,1696,0,1,1,0,0,0,0,0,0,0,0
16975,1697,0,0,1,0,1,1,1,6,0,0,0
16985,1698,0,0,1,0,2,19,3,34,0,0,0
16995,1699,0,0,1,0,3,311,6,69,0,0,0
17005,1700,0,0,1,0,4,4991,10,5,4,0,0
17015,1701,0,0,1,0,5,14334,12,5,60,-28,0
17025,1702,0,0,1,0,6,32748,12,5,95,-14,0
17035,1703,0,0,1,0,7,65224,10,5,111,-46,0
17045,1704,0,0,1,0,8,60544,6,5,111,-46,-56
17055,1705,0,0,1,0,9,51200,3,5,111,-46,-42
17065,1706,0,0,0,0,9,32768,1,5,111,-46,-34
17075,1707,0,0,0,1,9,32768,1,5,111,-46,-34
17085,1708,0,1,1,0,0,0,0,0,0,0,0
17095,1709,0,0,1,0,1,1,1,0,0,0,0
17105,1710,0,0,1,0,2,19,3,15,0,0,0
17115,1711,0,0,1,0,3,311,6,23,0,0,0
17125,1712,0,0,1,0,4,4991,10,-1,0,12,0
17135,1713,0,0,1,0,5,14334,12,-1,0,0,0
17145,1714,0,0,1,0,6,32748,12,-1,-8,-1,0
17155,1715,0,0,1,0,7,65224,10,-1,22,19,42
17165,1716,0,0,1,0,8,60544,6,-1,22,19,42
17175,1717,0,0,1,0,9,51200,3,-1,22,19,43
17185,1718,0,0,0,0,9,32768,1,-1,22,19,18
17195,1719,0,0,0,1,9,32768,1,-1,22,19,18
17205,1720,0,1,1,0,0,0,0,0,0,0,0
17215,1721,0,0,1,0,1,1,1,-6,0,0,0
17225,1722,0,0,1,0,2,19,3,15,0,0,0
17235,1723,0,0,1,0,3,311,6,13,0,0,0
17245,1724,0,0,1,0,4,4991,10,10,-21,-16,0
17255,1725,0,0,1,0,5,14334,12,10,-21,12,0
17265,1726,0,0,1,0,6,32748,12,10,-19,4,0
17275,1727,0,0,1,0,7,65224,10,10,-24,-11,-56
17285,1728,0,0,1,0,8,60544,6,10,-24,-11,-56
17295,1729,0,0,1,0,9,51200,3,10,-24,-11,-48
17305,1730,0,0,0,0,9,32768,1,10,-24,-11,-73
17315,1731,0,0,0,1,9,32768,1,10,-24,-11,-73
17325,1732,0,1,1,0,0,0,0,0,0,0,0
17335,1733,0,0,1,0,1,1,1,-24,0,0,0
17345,1734,0,0,1,0,2,19,3,4,0,0,0
17355,1735,0,0,1,0,3,311,6,28,0,0,0
17365,1736,0,0,1,0,4,4991,10,24,18,8,0
17375,1737,0,0,1,0,5,14334,12,24,53,-20,0
17385,1738,0,0,1,0,6,32748,12,24,53,-26,0
17395,1739,0,0,1,0,7,65224,10,24,45,-2,-6
17405,1740,0,0,1,0,8,60544,6,24,45,-2,-41
17415,1741,0,0,1,0,9,51200,3,24,45,-2,-41
17425,1742,0,0,0,0,9,32768,1,24,45,-2,7
17435,1743,0,0,0,1,9,32768,1,24,45,-2,7
17445,1744,0,1,1,0,0,0,0,0,0,0,0
17455,1745,0,0,1,0,1,1,1,0,0,0,0
17465,1746,0,0,1,0,2,19,3,25,0,0,0
17475,1747,0,0,1,0,3,311,6,15,0,0,0
17485,1748,0,0,1,0,4,4991,10,21,0,-6,0
17495,1749,0,0,1,0,5,14334,12,21,25,-36,0
17505,1750,0,0,1,0,6,32748,12,21,27,-6,0
17515,1751,0,0,1,0,7,65224,10,21,33,-7,8
17525,1752,0,0,1,0,8,60544,6,21,33,-7,-22
17535,1753,0,0,1,0,9,51200,3,21,33,-7,-28
17545,1754,0,0,0,0,9,32768,1,21,33,-7,-29
17555,1755,0,0,0,1,9,32768,1,21,33,-7,-29
17565,1756,0,1,1,0,0,0,0,0,0,0,0
17575,1757,0,0,1,0,1,1,1,-20,0,0,0
17585,1758,0,0,1,0,2,19,3,-32,0,0,0
17595,1759,0,0,1,0,3,311,6,0,0,0,0
17605,1760,0,0,1,0,4,4991,10,6,5,-8,0
17615,1761,0,0,1,0,5,14334,12,6,-1,-18,0
17625,1762,0,0,1,0,6,32748,12,6,-49,-42,0
17635,1763,0,0,1,0,7,65224,10,6,-49,-50,2
17645,1764,0,0,1,0,8,60544,6,6,-49,-50,-3
17655,1765,0,0,1,0,9,51200,3,6,-49,-50,33
17665,1766,0,0,0,0,9,32768,1,6,-49,-50,33
17675,1767,0,0,0,1,9,32768,1,6,-49,-50,33
17685,1768,0,1,1,0,0,0,0,0,0,0,0
17695,1769,0,0,1,0,1,1,1,0,0,0,0
17705,1770,0,0,1,0,2,19,3,-20,0,0,0
17715,1771,0,0,1,0,3,311,6,-41,0,0,0
17725,1772,0,0,1,0,4,4991,10,-49,0,56,0
17735,1773,0,0,1,0,5,14334,12,-49,-32,86,0
17745,1774,0,0,1,0,6,32748,12,-49,-88,107,0
17755,1775,0,0,1,0,7,65224,10,-49,-100,95,-35
17765,1776,0,0,1,0,8,60544,6,-49,-100,95,13
17775,1777,0,0,1,0,9,51200,3,-49,-100,95,69
17785,1778,0,0,0,0,9,32768,1,-49,-100,95,51
17795,1779,0,0,0,1,9,32768,1,-49,-100,95,51
17805,1780,0,1,1,0,0,0,0,0,0,0,0
17815,1781,0,0,1,0,1,1,1,-14,0,0,0
17825,1782,0,0,1,0,2,19,3,-20,0,0,0
17835,1783,0,0,1,0,3,311,6,-48,0,0,0
17845,1784,0,0,1,0,4,4991,10,-76,0,-42,0
17855,1785,0,0,1,0,5,14334,12,-76,-5,-90,0
17865,1786,0,0,1,0,6,32748,12,-76,-5,-70,0
17875,1787,0,0,1,0,7,65224,10,-76,3,-21,0
17885,1788,0,0,1,0,8,60544,6,-76,3,-21,-40
17895,1789,0,0,1,0,9,51200,3,-76,3,-21,-40
17905,1790,0,0,0,0,9,32768,1,-76,3,-21,-54
17915,1791,0,0,0,1,9,32768,1,-76,3,-21,-54
17925,1792,0,1,1,0,0,0,0,0,0,0,0
17935,1793,0,0,1,0,1,1,1,14,0,0,0
17945,1794,0,0,1,0,2,19,3,56,0,0,0
17955,1795,0,0,1,0,3,311,6,80,0,0,0
17965,1796,0,0,1,0,4,4991,10,112,-4,49,0
17975,1797,0,0,1,0,5,14334,12,112,-4,105,0
17985,1798,0,0,1,0,6,32748,12,112,-52,137,0
17995,1799,0,0,1,0,7,65224,10,112,-36,73,-14
18005,1800,0,0,1,0,8,60544,6,112,-36,73,-14
18015,1801,0,0,1,0,9,51200,3,112,-36,73,-78
18025,1802,0,0,0,0,9,32768,1,112,-36,73,-110
18035,1803,0,0,0,1,9,32768,1,112,-36,73,-110
18045,1804,0,1,1,0,0,0,0,0,0,0,0
18055,1805,0,0,1,0,1,1,1,20,0,0,0
18065,1806,0,0,1,0,2,19,3,41,0,0,0
18075,1807,0,0,1,0,3,311,6,71,0,0,0
18085,1808,0,0,1,0,4,4991,10,59,-12,-20,0
18095,1809,0,0,1,0,5,14334,12,59,9,-2,0
18105,1810,0,0,1,0,6,32748,12,59,-9,38,0
18115,1811,0,0,1,0,7,65224,10,59,-25,59,12
18125,1812,0,0,1,0,8,60544,6,59,-25,59,30
18135,1813,0,0,1,0,9,51200,3,59,-25,59,6
18145,1814,0,0,0,0,9,32768,1,59,-25,59,34
18155,1815,0,0,0,1,9,32768,1,59,-25,59,34
18165,1816,0,1,1,0,0,0,0,0,0,0,0
18175,1817,0,0,1,0,1,1,1,0,0,0,0
18185,1818,0,0,1,0,2,19,3,0,0,0,0
18195,1819,0,0,1,0,3,311,6,-7,0,0,0
18205,1820,0,0,1,0,4,4991,10,14,-40,0,0
18215,1821,0,0,1,0,5,14334,12,14,-40,0,0
18225,1822,0,0,1,0,6,32748,12,14,2,5,0
18235,1823,0,0,1,0,7,65224,10,14,-54,14,-10
18245,1824,0,0,1,0,8,60544,6,14,-54,14,-10
18255,1825,0,0,1,0,9,51200,3,14,-54,14,-40
18265,1826,0,0,0,0,9,32768,1,14,-54,14,-64
18275,1827,0,0,0,1,9,32768,1,14,-54,14,-64
18285,1828,0,1,1,0,0,0,0,0,0,0,0
18295,1829,0,0,1,0,1,1,1,4,0,0,0
18305,1830,0,0,1,0,2,19,3,52,0,0,0
18315,1831,0,0,1,0,3,311,6,52,0,0,0
18325,1832,0,0,1,0,4,4991,10,43,-16,-2,0
18335,1833,0,0,1,0,5,14334,12,43,-34,54,0
18345,1834,0,0,1,0,6,32748,12,43,-10,54,0
18355,1835,0,0,1,0,7,65224,10,43,-7,48,8
18365,1836,0,0,1,0,8,60544,6,43,-7,48,-13
18375,1837,0,0,1,0,9,51200,3,43,-7,48,29
18385,1838,0,0,0,0,9,32768,1,43,-7,48,31
18395,1839,0,0,0,1,9,32768,1,43,-7,48,31
18405,1840,0,1,1,0,0,0,0,0,0,0,0
18415,1841,0,0,1,0,1,1,1,0,0,0,0
18425,1842,0,0,1,0,2,19,3,-3,0,0,0
18435,1843,0,0,1,0,3,311,6,1,0,0,0
18445,1844,0,0,1,0,4,4991,10,-20,32,0,0
18455,1845,0,0,1,0,5,14334,12,-20,40,18,0
18465,1846,0,0,1,0,6,32748,12,-20,34,28,0
18475,1847,0,0,1,0,7,65224,10,-20,20,34,4
18485,1848,0,0,1,0,8,60544,6,-20,20,34,-44
18495,1849,0,0,1,0,9,51200,3,-20,20,34,-59
18505,1850,0,0,0,0,9,32768,1,-20,20,34,-55
18515,1851,0,0,0,1,9,32768,1,-20,20,34,-55
18525,1852,0,1,1,0,0,0,0,0,0,0,0
18535,1853,0,0,1,0,1,1,1,8,0,0,0
18545,1854,0,0,1,0,2,19,3,16,0,0,0
18555,1855,0,0,1,0,3,311,6,10,0,0,0
18565,1856,0,0,1,0,4,4991,10,-4,24,0,0
18575,1857,0,0,1,0,5,14334,12,-4,36,16,0
18585,1858,0,0,1,0,6,32748,12,-4,52,16,0
18595,1859,0,0,1,0,7,65224,10,-4,66,44,0
18605,1860,0,0,1,0,8,60544,6,-4,66,44,24
18615,1861,0,0,1,0,9,51200,3,-4,66,44,24
18625,1862,0,0,0,0,9,32768,1,-4,66,44,-4
18635,1863,0,0,0,1,9,32768,1,-4,66,44,-4
18645,1864,0,1,1,0,0,0,0,0,0,0,0
18655,1865,0,0,1,0,1,1,1,0,0,0,0
18665,1866,0,0,1,0,2,19,3,9,0,0,0
18675,1867,0,0,1,0,3,311,6,21,0,0,0
18685,1868,0,0,1,0,4,4991,10,-28,0,-14,0
18695,1869,0,0,1,0,5,14334,12,-28,21,-5,0
18705,1870,0,0,1,0,6,32748,12,-28,9,-33,0
18715,1871,0,0,1,0,7,65224,10,-28,16,-26,35
18725,1872,0,0,1,0,8,60544,6,-28,16,-26,56
18735,1873,0,0,1,0,9,51200,3,-28,16,-26,84
18745,1874,0,0,0,0,9,32768,1,-28,16,-26,83
18755,1875,0,0,0,1,9,32768,1,-28,16,-26,83
18765,1876,0,1,1,0,0,0,0,0,0,0,0
18775,1877,0,0,1,0,1,1,1,0,0,0,0
18785,1878,0,0,1,0,2,19,3,36,0,0,0
18795,1879,0,0,1,0,3,311,6,52,0,0,0
18805,1880,0,0,1,0,4,4991,10,62,0,16,0
18815,1881,0,0,1,0,5,14334,12,62,-36,28,0
18825,1882,0,0,1,0,6,32748,12,62,-4,28,0
18835,1883,0,0,1,0,7,65224,10,62,-18,68,8
18845,1884,0,0,1,0,8,60544,6,62,-18,68,-4
18855,1885,0,0,1,0,9,51200,3,62,-18,68,-4
18865,1886,0,0,0,0,9,32768,1,62,-18,68,-60
18875,1887,0,0,0,1,9,32768,1,62,-18,68,-60
18885,1888,0,1,1,0,0,0,0,0,0,0,0
18895,1889,0,0,1,0,1,1,1,-25,0,0,0
18905,1890,0,0,1,0,2,19,3,-5,0,0,0
18915,1891,0,0,1,0,3,311,6,-10,0,0,0
18925,1892,0,0,1,0,4,4991,10,-52,5,-25,0
18935,1893,0,0,1,0,5,14334,12,-52,17,-30,0
18945,1894,0,0,1,0,6,32748,12,-52,37,-30,0
18955,1895,0,0,1,0,7,65224,10,-52,93,6,5
18965,1896,0,0,1,0,8,60544,6,-52,93,6,2
18975,1897,0,0,1,0,9,51200,3,-52,93,6,2
18985,1898,0,0,0,0,9,32768,1,-52,93,6,-46
18995,1899,0,0,0,1,9,32768,1,-52,93,6,-46
19005,1900,0,1,1,0,0,0,0,0,0,0,0
19015,1901,0,0,1,0,1,1,1,-48,0,0,0
19025,1902,0,0,1,0,2,19,3,-47,0,0,0
19035,1903,0,0,1,0,3,311,6,-37,0,0,0
19045,1904,0,0,1,0,4,4991,10,-32,-48,-6,0
19055,1905,0,0,1,0,5,14334,12,-32,-43,-11,0
19065,1906,0,0,1,0,6,32748,12,-32,-29,-16,0
19075,1907,0,0,1,0,7,65224,10,-32,-34,-16,-6
19085,1908,0,0,1,0,8,60544,6,-32,-34,-16,-31
19095,1909,0,0,1,0,9,51200,3,-32,-34,-16,-38
19105,1910,0,0,0,0,9,32768,1,-32,-34,-16,-38
19115,1911,0,0,0,1,9,32768,1,-32,-34,-16,-38
19125,1912,0,1,1,0,0,0,0,0,0,0,0
19135,1913,0,0,1,0,1,1,1,6,0,0,0
19145,1914,0,0,1,0,2,19,3,6,0,0,0
19155,1915,0,0,1,0,3,311,6,30,0,0,0
19165,1916,0,0,1,0,4,4991,10,34,-6,-18,0
19175,1917,0,0,1,0,5,14334,12,34,-6,-2,0
19185,1918,0,0,1,0,6,32748,12,34,-22,22,0
19195,1919,0,0,1,0,7,65224,10,34,-50,29,18
19205,1920,0,0,1,0,8,60544,6,34,-50,29,4
19215,1921,0,0,1,0,9,51200,3,34,-50,29,-12
19225,1922,0,0,0,0,9,32768,1,34,-50,29,-61
19235,1923,0,0,0,1,9,32768,1,34,-50,29,-61
19245,1924,0,1,1,0,0,0,0,0,0,0,0
19255,1925,0,0,1,0,1,1,1,30,0,0,0
19265,1926,0,0,1,0,2,19,3,18,0,0,0
19275,1927,0,0,1,0,3,311,6,24,0,0,0
19285,1928,0,0,1,0,4,4991,10,80,-18,20,0
19295,1929,0,0,1,0,5,14334,12,80,-36,40,0
19305,1930,0,0,1,0,6,32748,12,80,-43,64,0
19315,1931,0,0,1,0,7,65224,10,80,-29,88,-12
19325,1932,0,0,1,0,8,60544,6,80,-29,88,18
19335,1933,0,0,1,0,9,51200,3,80,-29,88,-10
19345,1934,0,0,0,0,9,32768,1,80,-29,88,-4
19355,1935,0,0,0,1,9,32768,1,80,-29,88,-4
19365,1936,0,1,1,0,0,0,0,0,0,0,0
19375,1937,0,0,1,0,1,1,1,-7,0,0,0
19385,1938,0,0,1,0,2,19,3,-1,0,0,0
19395,1939,0,0,1,0,3,311,6,-5,0,0,0
19405,1940,0,0,1,0,4,4991,10,-10,2,7,0
19415,1941,0,0,1,0,5,14334,12,-10,-12,28,0
19425,1942,0,0,1,0,6,32748,12,-10,-4,60,0
19435,1943,0,0,1,0,7,65224,10,-10,-4,54,-2
19445,1944,0,0,1,0,8,60544,6,-10,-4,54,-51
19455,1945,0,0,1,0,9,51200,3,-10,-4,54,-115
19465,1946,0,0,0,0,9,32768,1,-10,-4,54,-115
19475,1947,0,0,0,1,9,32768,1,-10,-4,54,-115
19485,1948,0,1,1,0,0,0,0,0,0,0,0
19495,1949,0,0,1,0,1,1,1,24,0,0,0
19505,1950,0,0,1,0,2,19,3,66,0,0,0
19515,1951,0,0,1,0,3,311,6,82,0,0,0
19525,1952,0,0,1,0,4,4991,10,130,-18,48,0
19535,1953,0,0,1,0,5,14334,12,130,-39,72,0
19545,1954,0,0,1,0,6,32748,12,130,-27,40,0
19555,1955,0,0,1,0,7,65224,10,130,-83,10,-36
19565,1956,0,0,1,0,8,60544,6,130,-83,10,-48
19575,1957,0,0,1,0,9,51200,3,130,-83,10,-72
19585,1958,0,0,0,0,9,32768,1,130,-83,10,-37
19595,1959,0,0,0,1,9,32768,1,130,-83,10,-37
19605,1960,0,1,1,0,0,0,0,0,0,0,0
19615,1961,0,0,1,0,1,1,1,0,0,0,0
19625,1962,0,0,1,0,2,19,3,-24,0,0,0
19635,1963,0,0,1,0,3,311,6,-24,0,0,0
19645,1964,0,0,1,0,4,4991,10,-42,0,-9,0
19655,1965,0,0,1,0,5,14334,12,-42,-30,-33,0
19665,1966,0,0,1,0,6,32748,12,-42,-30,-12,0
19675,1967,0,0,1,0,7,65224,10,-42,-72,-18,0
19685,1968,0,0,1,0,8,60544,6,-42,-72,-18,-30
19695,1969,0,0,1,0,9,51200,3,-42,-72,-18,-9
19705,1970,0,0,0,0,9,32768,1,-42,-72,-18,-23
19715,1971,0,0,0,1,9,32768,1,-42,-72,-18,-23
19725,1972,0,1,1,0,0,0,0,0,0,0,0
19735,1973,0,0,1,0,1,1,1,-20,0,0,0
19745,1974,0,0,1,0,2,19,3,-28,0,0,0
19755,1975,0,0,1,0,3,311,6,-34,0,0,0
19765,1976,0,0,1,0,4,4991,10,-55,28,20,0
19775,1977,0,0,1,0,5,14334,12,-55,0,18,0
19785,1978,0,0,1,0,6,32748,12,-55,-15,20,0
19795,1979,0,0,1,0,7,65224,10,-55,-18,13,-28
19805,1980,0,0,1,0,8,60544,6,-55,-18,13,-35
19815,1981,0,0,1,0,9,51200,3,-55,-18,13,-30
19825,1982,0,0,0,0,9,32768,1,-55,-18,13,-31
19835,1983,0,0,0,1,9,32768,1,-55,-18,13,-31
19845,1984,0,1,1,0,0,0,0,0,0,0,0
19855,1985,0,0,1,0,1,1,1,6,0,0,0
19865,1986,0,0,1,0,2,19,3,-6,0,0,0
19875,1987,0,0,1,0,3,311,6,-10,0,0,0
19885,1988,0,0,1,0,4,4991,10,-34,8,6,0
19895,1989,0,0,1,0,5,14334,12,-34,38,20,0
19905,1990,0,0,1,0,6,32748,12,-34,32,12,0
19915,1991,0,0,1,0,7,65224,10,-34,14,44,8
19925,1992,0,0,1,0,8,60544,6,-34,14,44,-27
19935,1993,0,0,1,0,9,51200,3,-34,14,44,-39
19945,1994,0,0,0,0,9,32768,1,-34,14,44,-15
19955,1995,0,0,0,1,9,32768,1,-34,14,44,-15
19965,1996,0,1,1,0,0,0,0,0,0,0,0
19975,1997,0,0,1,0,1,1,1,9,0,0,0
19985,1998,0,0,1,0,2,19,3,-21,0,0,0
19995,1999,0,0,1,0,3,311,6,-7,0,0,0
20005,2000,0,0,1,0,4,4991,10,-37,18,-9,0
20015,2001,0,0,1,0,5,14334,12,-37,30,11,0
20025,2002,0,0,1,0,6,32748,12,-37,46,11,0
20035,2003,0,0,1,0,7,65224,10,-37,81,17,-18
20045,2004,0,0,1,0,8,60544,6,-37,81,17,-26
20055,2005,0,0,1,0,9,51200,3,-37,81,17,-26
20065,2006,0,0,0,0,9,32768,1,-37,81,17,-33
20075,2007,0,0,0,1,9,32768,1,-37,81,17,-33
20085,2008,0,1,1,0,0,0,0,0,0,0,0
20095,2009,0,0,1,0,1,1,1,5,0,0,0
20105,2010,0,0,1,0,2,19,3,29,0,0,0
20115,2011,0,0,1,0,3,311,6,-1,0,0,0
20125,2012,0,0,1,0,4,4991,10,-65,4,0,0
20135,2013,0,0,1,0,5,14334,12,-65,46,-28,0
20145,2014,0,0,1,0,6,32748,12,-65,81,-76,0
20155,2015,0,0,1,0,7,65224,10,-65,97,-92,0
20165,2016,0,0,1,0,8,60544,6,-65,97,-92,-49
20175,2017,0,0,1,0,9,51200,3,-65,97,-92,7
20185,2018,0,0,0,0,9,32768,1,-65,97,-92,11
20195,2019,0,0,0,1,9,32768,1,-65,97,-92,11
20205,2020,0,1,1,0,0,0,0,0,0,0,0
20215,2021,0,0,1,0,1,1,1,8,0,0,0
20225,2022,0,0,1,0,2,19,3,1,0,0,0
20235,2023,0,0,1,0,3,311,6,1,0,0,0
20245,2024,0,0,1,0,4,4991,10,1,-4,12,0
20255,2025,0,0,1,0,5,14334,12,1,-6,-44,0
20265,2026,0,0,1,0,6,32748,12,1,-6,12,0
20275,2027,0,0,1,0,7,65224,10,1,-6,16,-6
20285,2028,0,0,1,0,8,60544,6,1,-6,16,-22
20295,2029,0,0,1,0,9,51200,3,1,-6,16,-78
20305,2030,0,0,0,0,9,32768,1,1,-6,16,-110
20315,2031,0,0,0,1,9,32768,1,1,-6,16,-110
20325,2032,0,1,1,0,0,0,0,0,0,0,0
20335,2033,0,0,1,0,1,1,1,0,0,0,0
20345,2034,0,0,1,0,2,19,3,32,0,0,0
20355,2035,0,0,1,0,3,311,6,-17,0,0,0
20365,2036,0,0,1,0,4,4991,10,-8,0,-16,0
20375,2037,0,0,1,0,5,14334,12,-8,-16,-72,0
20385,2038,0,0,1,0,6,32748,12,-8,-51,-100,0
20395,2039,0,0,1,0,7,65224,10,-8,-51,-124,56
20405,2040,0,0,1,0,8,60544,6,-8,-51,-124,84
20415,2041,0,0,1,0,9,51200,3,-8,-51,-124,64
20425,2042,0,0,0,0,9,32768,1,-8,-51,-124,64
20435,2043,0,0,0,1,9,32768,1,-8,-51,-124,64
20445,2044,0,1,1,0,0,0,0,0,0,0,0
20455,2045,0,0,1,0,1,1,1,0,0,0,0
20465,2046,0,0,1,0,2,19,3,24,0,0,0
20475,2047,0,0,1,0,3,311,6,17,0,0,0
20485,2048,0,0,1,0,4,4991,10,11,0,-49,0
20495,2049,0,0,1,0,5,14334,12,11,12,-21,0
20505,2050,0,0,1,0,6,32748,12,11,-16,-16,0
20515,2051,0,0,1,0,7,65224,10,11,-31,-8,-28
20525,2052,0,0,1,0,8,60544,6,11,-31,-8,-14
20535,2053,0,0,1,0,9,51200,3,11,-31,-8,6
20545,2054,0,0,0,0,9,32768,1,11,-31,-8,26
20555,2055,0,0,0,1,9,32768,1,11,-31,-8,26
20565,2056,0,1,1,0,0,0,0,0,0,0,0
20575,2057,0,0,1,0,1,1,1,-28,0,0,0
20585,2058,0,0,1,0,2,19,3,14,0,0,0
20595,2059,0,0,1,0,3,311,6,38,0,0,0
20605,2060,0,0,1,0,4,4991,10,41,-7,-4,0
20615,2061,0,0,1,0,5,14334,12,41,0,38,0
20625,2062,0,0,1,0,6,32748,12,41,0,-10,0
20635,2063,0,0,1,0,7,65224,10,41,3,-16,-1
20645,2064,0,0,1,0,8,60544,6,41,3,-16,6
20655,2065,0,0,1,0,9,51200,3,41,3,-16,6
20665,2066,0,0,0,0,9,32768,1,41,3,-16,0
20675,2067,0,0,0,1,9,32768,1,41,3,-16,0
20685,2068,0,1,1,0,0,0,0,0,0,0,0
20695,2069,0,0,1,0,1,1,1,-3,0,0,0
20705,2070,0,0,1,0,2,19,3,-7,0,0,0
20715,2071,0,0,1,0,3,311,6,49,0,0,0
20725,2072,0,0,1,0,4,4991,10,24,-4,-21,0
20735,2073,0,0,1,0,5,14334,12,24,12,-29,0
20745,2074,0,0,1,0,6,32748,12,24,-23,-29,0
20755,2075,0,0,1,0,7,65224,10,24,-33,-9,-28
20765,2076,0,0,1,0,8,60544,6,24,-33,-9,4
20775,2077,0,0,1,0,9,51200,3,24,-33,-9,4
20785,2078,0,0,0,0,9,32768,1,24,-33,-9,12
20795,2079,0,0,0,1,9,32768,1,24,-33,-9,12
20805,2080,0,1,1,0,0,0,0,0,0,0,0
20815,2081,0,0,1,0,1,1,1,8,0,0,0
20825,2082,0,0,1,0,2,19,3,13,0,0,0
20835,2083,0,0,1,0,3,311,6,21,0,0,0
20845,2084,0,0,1,0,4,4991,10,21,1,32,0
20855,2085,0,0,1,0,5,14334,12,21,-29,26,0
20865,2086,0,0,1,0,6,32748,12,21,-57,16,0
20875,2087,0,0,1,0,7,65224,10,21,-69,16,4
20885,2088,0,0,1,0,8,60544,6,21,-69,16,40
20895,2089,0,0,1,0,9,51200,3,21,-69,16,75
20905,2090,0,0,0,0,9,32768,1,21,-69,16,63
20915,2091,0,0,0,1,9,32768,1,21,-69,16,63
20925,2092,0,1,1,0,0,0,0,0,0,0,0
20935,2093,0,0,1,0,1,1,1,12,0,0,0
20945,2094,0,0,1,0,2,19,3,12,0,0,0
20955,2095,0,0,1,0,3,311,6,16,0,0,0
20965,2096,0,0,1,0,4,4991,10,16,-16,12,0
20975,2097,0,0,1,0,5,14334,12,16,24,12,0
20985,2098,0,0,1,0,6,32748,12,16,12,26,0
20995,2099,0,0,1,0,7,65224,10,16,12,30,-16
21005,2100,0,0,1,0,8,60544,6,16,12,30,40
21015,2101,0,0,1,0,9,51200,3,16,12,30,-2
21025,2102,0,0,0,0,9,32768,1,16,12,30,-6
21035,2103,0,0,0,1,9,32768,1,16,12,30,-6
21045,2104,0,1,1,0,0,0,0,0,0,0,0
21055,2105,0,0,1,0,1,1,1,12,0,0,0
21065,2106,0,0,1,0,2,19,3,11,0,0,0
21075,2107,0,0,1,0,3,311,6,41,0,0,0
21085,2108,0,0,1,0,4,4991,10,46,-16,0,0
21095,2109,0,0,1,0,5,14334,12,46,-22,1,0
21105,2110,0,0,1,0,6,32748,12,46,-28,-9,0
21115,2111,0,0,1,0,7,65224,10,46,-18,-10,0
21125,2112,0,0,1,0,8,60544,6,46,-18,-10,6
21135,2113,0,0,1,0,9,51200,3,46,-18,-10,8
21145,2114,0,0,0,0,9,32768,1,46,-18,-10,6
21155,2115,0,0,0,1,9,32768,1,46,-18,-10,6
21165,2116,0,1,1,0,0,0,0,0,0,0,0
21175,2117,0,0,1,0,1,1,1,-14,0,0,0
21185,2118,0,0,1,0,2,19,3,18,0,0,0
21195,2119,0,0,1,0,3,311,6,-38,0,0,0
21205,2120,0,0,1,0,4,4991,10,-48,-21,16,0
21215,2121,0,0,1,0,5,14334,12,-48,-85,36,0
21225,2122,0,0,1,0,6,32748,12,-48,-36,68,0
21235,2123,0,0,1,0,7,65224,10,-48,-32,48,24
21245,2124,0,0,1,0,8,60544,6,-48,-32,48,-16
21255,2125,0,0,1,0,9,51200,3,-48,-32,48,-44
21265,2126,0,0,0,0,9,32768,1,-48,-32,48,-36
21275,2127,0,0,0,1,9,32768,1,-48,-32,48,-36
21285,2128,0,1,1,0,0,0,0,0,0,0,0
21295,2129,0,0,1,0,1,1,1,-32,0,0,0
21305,2130,0,0,1,0,2,19,3,-53,0,0,0
21315,2131,0,0,1,0,3,311,6,-57,0,0,0
21325,2132,0,0,1,0,4,4991,10,-63,-16,48,0
21335,2133,0,0,1,0,5,14334,12,-63,-4,6,0
21345,2134,0,0,1,0,6,32748,12,-63,-36,-1,0
21355,2135,0,0,1,0,7,65224,10,-63,-33,47,24
21365,2136,0,0,1,0,8,60544,6,-63,-33,47,48
21375,2137,0,0,1,0,9,51200,3,-63,-33,47,-8
21385,2138,0,0,0,0,9,32768,1,-63,-33,47,-32
21395,2139,0,0,0,1,9,32768,1,-63,-33,47,-32
21405,2140,0,1,1,0,0,0,0,0,0,0,0
21415,2141,0,0,1,0,1,1,1,-14,0,0,0
21425,2142,0,0,1,0,2,19,3,-14,0,0,0
21435,2143,0,0,1,0,3,311,6,-38,0,0,0
21445,2144,0,0,1,0,4,4991,10,-14,-42,-8,0
21455,2145,0,0,1,0,5,14334,12,-14,-42,41,0
21465,2146,0,0,1,0,6,32748,12,-14,-39,-7,0
21475,2147,0,0,1,0,7,65224,10,-14,-47,8,-24
21485,2148,0,0,1,0,8,60544,6,-14,-47,8,-31
21495,2149,0,0,1,0,9,51200,3,-14,-47,8,-25
21505,2150,0,0,0,0,9,32768,1,-14,-47,8,-30
21515,2151,0,0,0,1,9,32768,1,-14,-47,8,-30
21525,2152,0,1,1,0,0,0,0,0,0,0,0
21535,2153,0,0,1,0,1,1,1,3,0,0,0
21545,2154,0,0,1,0,2,19,3,3,0,0,0
21555,2155,0,0,1,0,3,311,6,-7,0,0,0
21565,2156,0,0,1,0,4,4991,10,-13,12,4,0
21575,2157,0,0,1,0,5,14334,12,-13,4,4,0
21585,2158,0,0,1,0,6,32748,12,-13,-2,39,0
21595,2159,0,0,1,0,7,65224,10,-13,-26,29,16
21605,2160,0,0,1,0,8,60544,6,-13,-26,29,40
21615,2161,0,0,1,0,9,51200,3,-13,-26,29,61
21625,2162,0,0,0,0,9,32768,1,-13,-26,29,21
21635,2163,0,0,0,1,9,32768,1,-13,-26,29,21
21645,2164,0,1,1,0,0,0,0,0,0,0,0
21655,2165,0,0,1,0,1,1,1,35,0,0,0
21665,2166,0,0,1,0,2,19,3,42,0,0,0
21675,2167,0,0,1,0,3,311,6,18,0,0,0
21685,2168,0,0,1,0,4,4991,10,25,-15,-14,0
21695,2169,0,0,1,0,5,14334,12,25,-1,-6,0
21705,2170,0,0,1,0,6,32748,12,25,-19,18,0
21715,2171,0,0,1,0,7,65224,10,25,-12,20,6
21725,2172,0,0,1,0,8,60544,6,25,-12,20,22
21735,2173,0,0,1,0,9,51200,3,25,-12,20,40
21745,2174,0,0,0,0,9,32768,1,25,-12,20,42
21755,2175,0,0,0,1,9,32768,1,25,-12,20,42
21765,2176,0,1,1,0,0,0,0,0,0,0,0
21775,2177,0,0,1,0,1,1,1,7,0,0,0
21785,2178,0,0,1,0,2,19,3,-13,0,0,0
21795,2179,0,0,1,0,3,311,6,-33,0,0,0
21805,2180,0,0,1,0,4,4991,10,-33,-4,-28,0
21815,2181,0,0,1,0,5,14334,12,-33,28,-53,0
21825,2182,0,0,1,0,6,32748,12,-33,-4,-88,0
21835,2183,0,0,1,0,7,65224,10,-33,-4,-88,16
21845,2184,0,0,1,0,8,60544,6,-33,-4,-88,56
21855,2185,0,0,1,0,9,51200,3,-33,-4,-88,0
21865,2186,0,0,0,0,9,32768,1,-33,-4,-88,2
21875,2187,0,0,0,1,9,32768,1,-33,-4,-88,2
21885,2188,0,1,1,0,0,0,0,0,0,0,0
21895,2189,0,0,1,0,1,1,1,0,0,0,0
21905,2190,0,0,1,0,2,19,3,-21,0,0,0
21915,2191,0,0,1,0,3,311,6,-5,0,0,0
21925,2192,0,0,1,0,4,4991,10,-37,-8,0,0
21935,2193,0,0,1,0,5,14334,12,-37,6,24,0
21945,2194,0,0,1,0,6,32748,12,-37,6,4,0
21955,2195,0,0,1,0,7,65224,10,-37,-6,-52,-40
21965,2196,0,0,1,0,8,60544,6,-37,-6,-52,-56
21975,2197,0,0,1,0,9,51200,3,-37,-6,-52,-56
21985,2198,0,0,0,0,9,32768,1,-37,-6,-52,-77
21995,2199,0,0,0,1,9,32768,1,-37,-6,-52,-77
22005,2200,0,1,1,0,0,0,0,0,0,0,0
22015,2201,0,0,1,0,1,1,1,0,0,0,0
22025,2202,0,0,1,0,2,19,3,21,0,0,0
22035,2203,0,0,1,0,3,311,6,-9,0,0,0
22045,2204,0,0,1,0,4,4991,10,-27,-16,0,0
22055,2205,0,0,1,0,5,14334,12,-27,-1,49,0
22065,2206,0,0,1,0,6,32748,12,-27,-25,59,0
22075,2207,0,0,1,0,7,65224,10,-27,17,44,-48
22085,2208,0,0,1,0,8,60544,6,-27,17,44,-13
22095,2209,0,0,1,0,9,51200,3,-27,17,44,-5
22105,2210,0,0,0,0,9,32768,1,-27,17,44,30
22115,2211,0,0,0,1,9,32768,1,-27,17,44,30
22125,2212,0,1,1,0,0,0,0,0,0,0,0
22135,2213,0,0,1,0,1,1,1,18,0,0,0
22145,2214,0,0,1,0,2,19,3,60,0,0,0
22155,2215,0,0,1,0,3,311,6,4,0,0,0
22165,2216,0,0,1,0,4,4991,10,-21,-6,-12,0
22175,2217,0,0,1,0,5,14334,12,-21,8,6,0
22185,2218,0,0,1,0,6,32748,12,-21,-48,-18,0
22195,2219,0,0,1,0,7,65224,10,-21,-78,-3,4
22205,2220,0,0,1,0,8,60544,6,-21,-78,-3,10
22215,2221,0,0,1,0,9,51200,3,-21,-78,-3,-14
22225,2222,0,0,0,0,9,32768,1,-21,-78,-3,4
22235,2223,0,0,0,1,9,32768,1,-21,-78,-3,4
22245,2224,0,1,1,0,0,0,0,0,0,0,0
22255,2225,0,0,1,0,1,1,1,-4,0,0,0
22265,2226,0,0,1,0,2,19,3,-4,0,0,0
22275,2227,0,0,1,0,3,311,6,-4,0,0,0
22285,2228,0,0,1,0,4,4991,10,-4,14,-12,0
22295,2229,0,0,1,0,5,14334,12,-4,22,-12,0
22305,2230,0,0,1,0,6,32748,12,-4,22,-42,0
22315,2231,0,0,1,0,7,65224,10,-4,22,-42,42
22325,2232,0,0,1,0,8,60544,6,-4,22,-42,50
22335,2233,0,0,1,0,9,51200,3,-4,22,-42,98
22345,2234,0,0,0,0,9,32768,1,-4,22,-42,98
22355,2235,0,0,0,1,9,32768,1,-4,22,-42,98
22365,2236,0,1,1,0,0,0,0,0,0,0,0
22375,2237,0,0,1,0,1,1,1,-1,0,0,0
22385,2238,0,0,1,0,2,19,3,3,0,0,0
22395,2239,0,0,1,0,3,311,6,-4,0,0,0
22405,2240,0,0,1,0,4,4991,10,8,3,-5,0
22415,2241,0,0,1,0,5,14334,12,8,9,-13,0
22425,2242,0,0,1,0,6,32748,12,8,8,43,0
22435,2243,0,0,1,0,7,65224,10,8,24,19,15
22445,2244,0,0,1,0,8,60544,6,8,24,19,3
22455,2245,0,0,1,0,9,51200,3,8,24,19,11
22465,2246,0,0,0,0,9,32768,1,8,24,19,-21
22475,2247,0,0,0,1,9,32768,1,8,24,19,-21
22485,2248,0,1,1,0,0,0,0,0,0,0,0
22495,2249,0,0,1,0,1,1,1,-30,0,0,0
22505,2250,0,0,1,0,2,19,3,-30,0,0,0
22515,2251,0,0,1,0,3,311,6,-16,0,0,0
22525,2252,0,0,1,0,4,4991,10,-48,-15,18,0
22535,2253,0,0,1,0,5,14334,12,-48,-15,18,0
22545,2254,0,0,1,0,6,32748,12,-48,-27,-24,0
22555,2255,0,0,1,0,7,65224,10,-48,13,-40,9
22565,2256,0,0,1,0,8,60544,6,-48,13,-40,9
22575,2257,0,0,1,0,9,51200,3,-48,13,-40,45
22585,2258,0,0,0,0,9,32768,1,-48,13,-40,65
22595,2259,0,0,0,1,9,32768,1,-48,13,-40,65
22605,2260,0,1,1,0,0,0,0,0,0,0,0
22615,2261,0,0,1,0,1,1,1,2,0,0,0
22625,2262,0,0,1,0,2,19,3,42,0,0,0
22635,2263,0,0,1,0,3,311,6,-6,0,0,0
22645,2264,0,0,1,0,4,4991,10,1,-5,8,0
22655,2265,0,0,1,0,5,14334,12,1,-45,64,0
22665,2266,0,0,1,0,6,32748,12,1,-21,70,0
22675,2267,0,0,1,0,7,65224,10,1,35,66,-20
22685,2268,0,0,1,0,8,60544,6,1,35,66,-76
22695,2269,0,0,1,0,9,51200,3,1,35,66,-79
22705,2270,0,0,0,0,9,32768,1,1,35,66,-111
22715,2271,0,0,0,1,9,32768,1,1,35,66,-111
22725,2272,0,1,1,0,0,0,0,0,0,0,0
22735,2273,0,0,1,0,1,1,1,-16,0,0,0
22745,2274,0,0,1,0,2,19,3,5,0,0,0
22755,2275,0,0,1,0,3,311,6,5,0,0,0
22765,2276,0,0,1,0,4,4991,10,-19,-2,16,0
22775,2277,0,0,1,0,5,14334,12,-19,-2,65,0
22785,2278,0,0,1,0,6,32748,12,-19,-2,83,0
22795,2279,0,0,1,0,7,65224,10,-19,-32,51,2
22805,2280,0,0,1,0,8,60544,6,-19,-32,51,2
22815,2281,0,0,1,0,9,51200,3,-19,-32,51,44
22825,2282,0,0,0,0,9,32768,1,-19,-32,51,4
22835,2283,0,0,0,1,9,32768,1,-19,-32,51,4
22845,2284,0,1,1,0,0,0,0,0,0,0,0
22855,2285,0,0,1,0,1,1,1,-16,0,0,0
22865,2286,0,0,1,0,2,19,3,-34,0,0,0
22875,2287,0,0,1,0,3,311,6,-42,0,0,0
22885,2288,0,0,1,0,4,4991,10,-60,-24,6,0
22895,2289,0,0,1,0,5,14334,12,-60,-30,21,0
22905,2290,0,0,1,0,6,32748,12,-60,-16,33,0
22915,2291,0,0,1,0,7,65224,10,-60,-22,33,9
22925,2292,0,0,1,0,8,60544,6,-60,-22,33,14
22935,2293,0,0,1,0,9,51200,3,-60,-22,33,-7
22945,2294,0,0,0,0,9,32768,1,-60,-22,33,-7
22955,2295,0,0,0,1,9,32768,1,-60,-22,33,-7
22965,2296,0,1,1,0,0,0,0,0,0,0,0
22975,2297,0,0,1,0,1,1,1,-18,0,0,0
22985,2298,0,0,1,0,2,19,3,3,0,0,0
22995,2299,0,0,1,0,3,311,6,67,0,0,0
23005,2300,0,0,1,0,4,4991,10,46,18,-12,0
23015,2301,0,0,1,0,5,14334,12,46,36,30,0
23025,2302,0,0,1,0,6,32748,12,46,28,70,0
23035,2303,0,0,1,0,7,65224,10,46,-14,85,12
23045,2304,0,0,1,0,8,60544,6,46,-14,85,48
23055,2305,0,0,1,0,9,51200,3,46,-14,85,43
23065,2306,0,0,0,0,9,32768,1,46,-14,85,73
23075,2307,0,0,0,1,9,32768,1,46,-14,85,73
23085,2308,0,1,1,0,0,0,0,0,0,0,0
23095,2309,0,0,1,0,1,1,1,32,0,0,0
23105,2310,0,0,1,0,2,19,3,36,0,0,0
23115,2311,0,0,1,0,3,311,6,54,0,0,0
23125,2312,0,0,1,0,4,4991,10,82,48,-28,0
23135,2313,0,0,1,0,5,14334,12,82,24,-27,0
23145,2314,0,0,1,0,6,32748,12,82,3,-9,0
23155,2315,0,0,1,0,7,65224,10,82,38,-29,-42
23165,2316,0,0,1,0,8,60544,6,82,38,-29,-48
23175,2317,0,0,1,0,9,51200,3,82,38,-29,-69
23185,2318,0,0,0,0,9,32768,1,82,38,-29,-94
23195,2319,0,0,0,1,9,32768,1,82,38,-29,-94
23205,2320,0,1,1,0,0,0,0,0,0,0,0
23215,2321,0,0,1,0,1,1,1,35,0,0,0
23225,2322,0,0,1,0,2,19,3,27,0,0,0
23235,2323,0,0,1,0,3,311,6,31,0,0,0
23245,2324,0,0,1,0,4,4991,10,37,-21,-5,0
23255,2325,0,0,1,0,5,14334,12,37,11,-8,0
23265,2326,0,0,1,0,6,32748,12,37,14,-12,0
23275,2327,0,0,1,0,7,65224,10,37,15,-54,3
23285,2328,0,0,1,0,8,60544,6,37,15,-54,15
23295,2329,0,0,1,0,9,51200,3,37,15,-54,12
23305,2330,0,0,0,0,9,32768,1,37,15,-54,5
23315,2331,0,0,0,1,9,32768,1,37,15,-54,5
23325,2332,0,1,1,0,0,0,0,0,0,0,0
23335,2333,0,0,1,0,1,1,1,0,0,0,0
23345,2334,0,0,1,0,2,19,3,-8,0,0,0
23355,2335,0,0,1,0,3,311,6,-56,0,0,0
23365,2336,0,0,1,0,4,4991,10,-77,0,0,0
23375,2337,0,0,1,0,5,14334,12,-77,1,-56,0
23385,2338,0,0,1,0,6,32748,12,-77,-7,-20,0
23395,2339,0,0,1,0,7,65224,10,-77,-28,-29,0
23405,2340,0,0,1,0,8,60544,6,-77,-28,-29,7
23415,2341,0,0,1,0,9,51200,3,-77,-28,-29,13
23425,2342,0,0,0,0,9,32768,1,-77,-28,-29,4
23435,2343,0,0,0,1,9,32768,1,-77,-28,-29,4
23445,2344,0,1,1,0,0,0,0,0,0,0,0
23455,2345,0,0,1,0,1,1,1,4,0,0,0
23465,2346,0,0,1,0,2,19,3,-52,0,0,0
23475,2347,0,0,1,0,3,311,6,-54,0,0,0
23485,2348,0,0,1,0,4,4991,10,-78,0,28,0
23495,2349,0,0,1,0,5,14334,12,-78,28,-12,0
23505,2350,0,0,1,0,6,32748,12,-78,12,-8,0
23515,2351,0,0,1,0,7,65224,10,-78,20,-8,0
23525,2352,0,0,1,0,8,60544,6,-78,20,-8,20
23535,2353,0,0,1,0,9,51200,3,-78,20,-8,52
23545,2354,0,0,0,0,9,32768,1,-78,20,-8,52
23555,2355,0,0,0,1,9,32768,1,-78,20,-8,52
23565,2356,0,1,1,0,0,0,0,0,0,0,0
23575,2357,0,0,1,0,1,1,1,-24,0,0,0
23585,2358,0,0,1,0,2,19,3,-66,0,0,0
23595,2359,0,0,1,0,3,311,6,-66,0,0,0
23605,2360,0,0,1,0,4,4991,10,-73,18,-20,0
23615,2361,0,0,1,0,5,14334,12,-73,-24,-62,0
23625,2362,0,0,1,0,6,32748,12,-73,-24,-46,0
23635,2363,0,0,1,0,7,65224,10,-73,-17,-11,15
23645,2364,0,0,1,0,8,60544,6,-73,-17,-11,-27
23655,2365,0,0,1,0,9,51200,3,-73,-17,-11,-55
23665,2366,0,0,0,0,9,32768,1,-73,-17,-11,-90
23675,2367,0,0,0,1,9,32768,1,-73,-17,-11,-90
23685,2368,0,1,1,0,0,0,0,0,0,0,0
23695,2369,0,0,1,0,1,1,1,-30,0,0,0
23705,2370,0,0,1,0,2,19,3,-30,0,0,0
23715,2371,0,0,1,0,3,311,6,-30,0,0,0
23725,2372,0,0,1,0,4,4991,10,-20,30,-6,0
23735,2373,0,0,1,0,5,14334,12,-20,30,-24,0
23745,2374,0,0,1,0,6,32748,12,-20,9,-24,0
23755,2375,0,0,1,0,7,65224,10,-20,-1,-54,6
23765,2376,0,0,1,0,8,60544,6,-20,-1,-54,-6
23775,2377,0,0,1,0,9,51200,3,-20,-1,-54,-24
23785,2378,0,0,0,0,9,32768,1,-20,-1,-54,6
23795,2379,0,0,0,1,9,32768,1,-20,-1,-54,6
23805,2380,0,1,1,0,0,0,0,0,0,0,0
23815,2381,0,0,1,0,1,1,1,2,0,0,0
23825,2382,0,0,1,0,2,19,3,58,0,0,0
23835,2383,0,0,1,0,3,311,6,56,0,0,0
23845,2384,0,0,1,0,4,4991,10,62,-10,4,0
23855,2385,0,0,1,0,5,14334,12,62,-52,52,0
23865,2386,0,0,1,0,6,32748,12,62,-56,60,0
23875,2387,0,0,1,0,7,65224,10,62,-56,54,-20
23885,2388,0,0,1,0,8,60544,6,62,-56,54,-56
23895,2389,0,0,1,0,9,51200,3,62,-56,54,-40
23905,2390,0,0,0,0,9,32768,1,62,-56,54,-40
23915,2391,0,0,0,1,9,32768,1,62,-56,54,-40
23925,2392,0,1,1,0,0,0,0,0,0,0,0
23935,2393,0,0,1,0,1,1,1,10,0,0,0
23945,2394,0,0,1,0,2,19,3,58,0,0,0
23955,2395,0,0,1,0,3,311,6,62,0,0,0
23965,2396,0,0,1,0,4,4991,10,62,-15,12,0
23975,2397,0,0,1,0,5,14334,12,62,-15,-52,0
23985,2398,0,0,1,0,6,32748,12,62,-9,-36,0
23995,2399,0,0,1,0,7,65224,10,62,-1,-36,-18
24005,2400,0,0,1,0,8,60544,6,62,-1,-36,-18
24015,2401,0,0,1,0,9,51200,3,62,-1,-36,6
24025,2402,0,0,0,0,9,32768,1,62,-1,-36,18
24035,2403,0,0,0,1,9,32768,1,62,-1,-36,18
24045,2404,0,1,1,0,0,0,0,0,0,0,0
24055,2405,0,0,1,0,1,1,1,16,0,0,0
24065,2406,0,0,1,0,2,19,3,18,0,0,0
24075,2407,0,0,1,0,3,311,6,18,0,0,0
24085,2408,0,0,1,0,4,4991,10,39,-16,-16,0
24095,2409,0,0,1,0,5,14334,12,39,-16,-14,0
24105,2410,0,0,1,0,6,32748,12,39,-16,-42,0
24115,2411,0,0,1,0,7,65224,10,39,-9,-54,16
24125,2412,0,0,1,0,8,60544,6,39,-9,-54,16
24135,2413,0,0,1,0,9,51200,3,39,-9,-54,58
24145,2414,0,0,0,0,9,32768,1,39,-9,-54,54
24155,2415,0,0,0,1,9,32768,1,39,-9,-54,54
24165,2416,0,1,1,0,0,0,0,0,0,0,0
24175,2417,0,0,1,0,1,1,1,-6,0,0,0
24185,2418,0,0,1,0,2,19,3,-26,0,0,0
24195,2419,0,0,1,0,3,311,6,16,0,0,0
24205,2420,0,0,1,0,4,4991,10,13,-2,-18,0
24215,2421,0,0,1,0,5,14334,12,13,-22,-18,0
24225,2422,0,0,1,0,6,32748,12,13,-8,12,0
24235,2423,0,0,1,0,7,65224,10,13,-8,0,-6
24245,2424,0,0,1,0,8,60544,6,13,-8,0,-6
24255,2425,0,0,1,0,9,51200,3,13,-8,0,4
24265,2426,0,0,0,0,9,32768,1,13,-8,0,4
24275,2427,0,0,0,1,9,32768,1,13,-8,0,4
24285,2428,0,1,1,0,0,0,0,0,0,0,0
24295,2429,0,0,1,0,1,1,1,-36,0,0,0
24305,2430,0,0,1,0,2,19,3,-32,0,0,0
24315,2431,0,0,1,0,3,311,6,24,0,0,0
24325,2432,0,0,1,0,4,4991,10,24,0,6,0
24335,2433,0,0,1,0,5,14334,12,24,-16,-1,0
24345,2434,0,0,1,0,6,32748,12,24,-65,55,0
24355,2435,0,0,1,0,7,65224,10,24,-85,55,0
24365,2436,0,0,1,0,8,60544,6,24,-85,55,28
24375,2437,0,0,1,0,9,51200,3,24,-85,55,-21
24385,2438,0,0,0,0,9,32768,1,24,-85,55,-37
24395,2439,0,0,0,1,9,32768,1,24,-85,55,-37
24405,2440,0,1,1,0,0,0,0,0,0,0,0
24415,2441,0,0,1,0,1,1,1,48,0,0,0
24425,2442,0,0,1,0,2,19,3,56,0,0,0
24435,2443,0,0,1,0,3,311,6,50,0,0,0
24445,2444,0,0,1,0,4,4991,10,29,-40,30,0
24455,2445,0,0,1,0,5,14334,12,29,-34,6,0
24465,2446,0,0,1,0,6,32748,12,29,-10,12,0
24475,2447,0,0,1,0,7,65224,10,29,25,-9,-25
24485,2448,0,0,1,0,8,60544,6,29,25,-9,-43
24495,2449,0,0,1,0,9,51200,3,29,25,-9,-67
24505,2450,0,0,0,0,9,32768,1,29,25,-9,-32
24515,2451,0,0,0,1,9,32768,1,29,25,-9,-32
24525,2452,0,1,1,0,0,0,0,0,0,0,0
24535,2453,0,0,1,0,1,1,1,-25,0,0,0
24545,2454,0,0,1,0,2,19,3,-7,0,0,0
24555,2455,0,0,1,0,3,311,6,8,0,0,0
24565,2456,0,0,1,0,4,4991,10,12,35,20,0
24575,2457,0,0,1,0,5,14334,12,12,35,-28,0
24585,2458,0,0,1,0,6,32748,12,12,15,-7,0
24595,2459,0,0,1,0,7,65224,10,12,17,-19,-28
24605,2460,0,0,1,0,8,60544,6,12,17,-19,-28
24615,2461,0,0,1,0,9,51200,3,12,17,-19,-56
24625,2462,0,0,0,0,9,32768,1,12,17,-19,-62
24635,2463,0,0,0,1,9,32768,1,12,17,-19,-62
24645,2464,0,1,1,0,0,0,0,0,0,0,0
24655,2465,0,0,1,0,1,1,1,28,0,0,0
24665,2466,0,0,1,0,2,19,3,43,0,0,0
24675,2467,0,0,1,0,3,311,6,25,0,0,0
24685,2468,0,0,1,0,4,4991,10,22,-4,7,0
24695,2469,0,0,1,0,5,14334,12,22,-19,13,0
24705,2470,0,0,1,0,6,32748,12,22,-28,7,0
24715,2471,0,0,1,0,7,65224,10,22,-7,4,-1
24725,2472,0,0,1,0,8,60544,6,22,-7,4,-7
24735,2473,0,0,1,0,9,51200,3,22,-7,4,-10
24745,2474,0,0,0,0,9,32768,1,22,-7,4,11
24755,2475,0,0,0,1,9,32768,1,22,-7,4,11
24765,2476,0,1,1,0,0,0,0,0,0,0,0
24775,2477,0,0,1,0,1,1,1,56,0,0,0
24785,2478,0,0,1,0,2,19,3,60,0,0,0
24795,2479,0,0,1,0,3,311,6,60,0,0,0
24805,2480,0,0,1,0,4,4991,10,100,-16,-35,0
24815,2481,0,0,1,0,5,14334,12,100,-32,-49,0
24825,2482,0,0,1,0,6,32748,12,100,-32,-41,0
24835,2483,0,0,1,0,7,65224,10,100,-16,-76,10
24845,2484,0,0,1,0,8,60544,6,100,-16,-76,66
24855,2485,0,0,1,0,9,51200,3,100,-16,-76,73
24865,2486,0,0,0,0,9,32768,1,100,-16,-76,59
24875,2487,0,0,0,1,9,32768,1,100,-16,-76,59
24885,2488,0,1,1,0,0,0,0,0,0,0,0
24895,2489,0,0,1,0,1,1,1,16,0,0,0
24905,2490,0,0,1,0,2,19,3,19,0,0,0
24915,2491,0,0,1,0,3,311,6,19,0,0,0
24925,2492,0,0,1,0,4,4991,10,26,-8,32,0
24935,2493,0,0,1,0,5,14334,12,26,-5,26,0
24945,2494,0,0,1,0,6,32748,12,26,-5,34,0
24955,2495,0,0,1,0,7,65224,10,26,16,39,-16
24965,2496,0,0,1,0,8,60544,6,26,16,39,-22
24975,2497,0,0,1,0,9,51200,3,26,16,39,-22
24985,2498,0,0,0,0,9,32768,1,26,16,39,-7
24995,2499,0,0,0,1,9,32768,1,26,16,39,-7
25005,2500,0,1,1,0,0,0,0,0,0,0,0
25015,2501,0,0,1,0,1,1,1,0,0,0,0
25025,2502,0,0,1,0,2,19,3,16,0,0,0
25035,2503,0,0,1,0,3,311,6,10,0,0,0
25045,2504,0,0,1,0,4,4991,10,58,0,15,0
25055,2505,0,0,1,0,5,14334,12,58,-32,5,0
25065,2506,0,0,1,0,6,32748,12,58,-34,14,0
25075,2507,0,0,1,0,7,65224,10,58,-18,-16,-30
25085,2508,0,0,1,0,8,60544,6,58,-18,-16,-10
25095,2509,0,0,1,0,9,51200,3,58,-18,-16,-7
25105,2510,0,0,0,0,9,32768,1,58,-18,-16,-17
25115,2511,0,0,0,1,9,32768,1,58,-18,-16,-17
25125,2512,0,1,1,0,0,0,0,0,0,0,0
25135,2513,0,0,1,0,1,1,1,40,0,0,0
25145,2514,0,0,1,0,2,19,3,54,0,0,0
25155,2515,0,0,1,0,3,311,6,19,0,0,0
25165,2516,0,0,1,0,4,4991,10,25,-5,-16,0
25175,2517,0,0,1,0,5,14334,12,25,-9,-37,0
25185,2518,0,0,1,0,6,32748,12,25,-29,-2,0
25195,2519,0,0,1,0,7,65224,10,25,-43,10,2
25205,2520,0,0,1,0,8,60544,6,25,-43,10,8
25215,2521,0,0,1,0,9,51200,3,25,-43,10,28
25225,2522,0,0,0,0,9,32768,1,25,-43,10,0
25235,2523,0,0,0,1,9,32768,1,25,-43,10,0
25245,2524,0,1,1,0,0,0,0,0,0,0,0
25255,2525,0,0,1,0,1,1,1,-3,0,0,0
25265,2526,0,0,1,0,2,19,3,-21,0,0,0
25275,2527,0,0,1,0,3,311,6,-33,0,0,0
25285,2528,0,0,1,0,4,4991,10,-47,9,-7,0
25295,2529,0,0,1,0,5,14334,12,-47,3,-7,0
25305,2530,0,0,1,0,6,32748,12,-47,9,35,0
25315,2531,0,0,1,0,7,65224,10,-47,-19,49,21
25325,2532,0,0,1,0,8,60544,6,-47,-19,49,21
25335,2533,0,0,1,0,9,51200,3,-47,-19,49,0
25345,2534,0,0,0,0,9,32768,1,-47,-19,49,28
25355,2535,0,0,0,1,9,32768,1,-47,-19,49,28
25365,2536,0,1,1,0,0,0,0,0,0,0,0
25375,2537,0,0,1,0,1,1,1,-28,0,0,0
25385,2538,0,0,1,0,2,19,3,-53,0,0,0
25395,2539,0,0,1,0,3,311,6,-101,0,0,0
25405,2540,0,0,1,0,4,4991,10,-101,49,-28,0
25415,2541,0,0,1,0,5,14334,12,-101,19,-68,0
25425,2542,0,0,1,0,6,32748,12,-101,-13,-62,0
25435,2543,0,0,1,0,7,65224,10,-101,-17,-62,49
25445,2544,0,0,1,0,8,60544,6,-101,-17,-62,1
25455,2545,0,0,1,0,9,51200,3,-101,-17,-62,5
25465,2546,0,0,0,0,9,32768,1,-101,-17,-62,-5
25475,2547,0,0,0,1,9,32768,1,-101,-17,-62,-5
25485,2548,0,1,1,0,0,0,0,0,0,0,0
25495,2549,0,0,1,0,1,1,1,36,0,0,0
25505,2550,0,0,1,0,2,19,3,51,0,0,0
25515,2551,0,0,1,0,3,311,6,46,0,0,0
25525,2552,0,0,1,0,4,4991,10,38,-6,0,0
25535,2553,0,0,1,0,5,14334,12,38,0,-30,0
25545,2554,0,0,1,0,6,32748,12,38,-7,-40,0
25555,2555,0,0,1,0,7,65224,10,38,-19,-50,0
25565,2556,0,0,1,0,8,60544,6,38,-19,-50,-12
25575,2557,0,0,1,0,9,51200,3,38,-19,-50,-26
25585,2558,0,0,0,0,9,32768,1,38,-19,-50,-41
25595,2559,0,0,0,1,9,32768,1,38,-19,-50,-41
25605,2560,0,1,1,0,0,0,0,0,0,0,0
25615,2561,0,0,1,0,1,1,1,16,0,0,0
25625,2562,0,0,1,0,2,19,3,28,0,0,0
25635,2563,0,0,1,0,3,311,6,-28,0,0,0
25645,2564,0,0,1,0,4,4991,10,-12,14,40,0
25655,2565,0,0,1,0,5,14334,12,-12,12,34,0
25665,2566,0,0,1,0,6,32748,12,-12,4,41,0
25675,2567,0,0,1,0,7,65224,10,-12,20,55,35
25685,2568,0,0,1,0,8,60544,6,-12,20,55,36
25695,2569,0,0,1,0,9,51200,3,-12,20,55,37
25705,2570,0,0,0,0,9,32768,1,-12,20,55,51
25715,2571,0,0,0,1,9,32768,1,-12,20,55,51
25725,2572,0,1,1,0,0,0,0,0,0,0,0
25735,2573,0,0,1,0,1,1,1,6,0,0,0
25745,2574,0,0,1,0,2,19,3,-15,0,0,0
25755,2575,0,0,1,0,3,311,6,-15,0,0,0
25765,2576,0,0,1,0,4,4991,10,-31,0,6,0
25775,2577,0,0,1,0,5,14334,12,-31,-12,-36,0
25785,2578,0,0,1,0,6,32748,12,-31,-12,-21,0
25795,2579,0,0,1,0,7,65224,10,-31,-76,-33,0
25805,2580,0,0,1,0,8,60544,6,-31,-76,-33,-24
25815,2581,0,0,1,0,9,51200,3,-31,-76,-33,-39
25825,2582,0,0,0,0,9,32768,1,-31,-76,-33,-87
25835,2583,0,0,0,1,9,32768,1,-31,-76,-33,-87
25845,2584,0,1,1,0,0,0,0,0,0,0,0
25855,2585,0,0,1,0,1,1,1,-8,0,0,0
25865,2586,0,0,1,0,2,19,3,7,0,0,0
25875,2587,0,0,1,0,3,311,6,-14,0,0,0
25885,2588,0,0,1,0,4,4991,10,-54,4,-12,0
25895,2589,0,0,1,0,5,14334,12,-54,29,9,0
25905,2590,0,0,1,0,6,32748,12,-54,5,-33,0
25915,2591,0,0,1,0,7,65224,10,-54,5,-41,6
25925,2592,0,0,1,0,8,60544,6,-54,5,-41,41
25935,2593,0,0,1,0,9,51200,3,-54,5,-41,-7
25945,2594,0,0,0,0,9,32768,1,-54,5,-41,-7
25955,2595,0,0,0,1,9,32768,1,-54,5,-41,-7
25965,2596,0,1,1,0,0,0,0,0,0,0,0
25975,2597,0,0,1,0,1,1,1,56,0,0,0
25985,2598,0,0,1,0,2,19,3,86,0,0,0
25995,2599,0,0,1,0,3,311,6,86,0,0,0
26005,2600,0,0,1,0,4,4991,10,86,-56,49,0
26015,2601,0,0,1,0,5,14334,12,86,-86,14,0
26025,2602,0,0,1,0,6,32748,12,86,-86,-7,0
26035,2603,0,0,1,0,7,65224,10,86,-78,-7,-49
26045,2604,0,0,1,0,8,60544,6,86,-78,-7,-14
26055,2605,0,0,1,0,9,51200,3,86,-78,-7,-29
26065,2606,0,0,0,0,9,32768,1,86,-78,-7,-49
26075,2607,0,0,0,1,9,32768,1,86,-78,-7,-49
26085,2608,0,1,1,0,0,0,0,0,0,0,0
26095,2609,0,0,1,0,1,1,1,18,0,0,0
26105,2610,0,0,1,0,2,19,3,-2,0,0,0
26115,2611,0,0,1,0,3,311,6,-30,0,0,0
26125,2612,0,0,1,0,4,4991,10,-35,-12,24,0
26135,2613,0,0,1,0,5,14334,12,-35,-47,-4,0
26145,2614,0,0,1,0,6,32748,12,-35,-75,45,0
26155,2615,0,0,1,0,7,65224,10,-35,-75,41,-16
26165,2616,0,0,1,0,8,60544,6,-35,-75,41,-65
26175,2617,0,0,1,0,9,51200,3,-35,-75,41,-16
26185,2618,0,0,0,0,9,32768,1,-35,-75,41,-16
26195,2619,0,0,0,1,9,32768,1,-35,-75,41,-16
26205,2620,0,1,1,0,0,0,0,0,0,0,0
26215,2621,0,0,1,0,1,1,1,16,0,0,0
26225,2622,0,0,1,0,2,19,3,40,0,0,0
26235,2623,0,0,1,0,3,311,6,26,0,0,0
26245,2624,0,0,1,0,4,4991,10,-2,-4,-24,0
26255,2625,0,0,1,0,5,14334,12,-2,-32,18,0
26265,2626,0,0,1,0,6,32748,12,-2,17,18,0
26275,2627,0,0,1,0,7,65224,10,-2,-4,26,6
26285,2628,0,0,1,0,8,60544,6,-2,-4,26,-43
26295,2629,0,0,1,0,9,51200,3,-2,-4,26,-43
26305,2630,0,0,0,0,9,32768,1,-2,-4,26,-37
26315,2631,0,0,0,1,9,32768,1,-2,-4,26,-37
26325,2632,0,1,1,0,0,0,0,0,0,0,0
26335,2633,0,0,1,0,1,1,1,56,0,0,0
26345,2634,0,0,1,0,2,19,3,51,0,0,0
26355,2635,0,0,1,0,3,311,6,83,0,0,0
26365,2636,0,0,1,0,4,4991,10,98,-32,28,0
26375,2637,0,0,1,0,5,14334,12,98,-12,26,0
26385,2638,0,0,1,0,6,32748,12,98,-60,26,0
26395,2639,0,0,1,0,7,65224,10,98,-55,35,-16
26405,2640,0,0,1,0,8,60544,6,98,-55,35,-8
26415,2641,0,0,1,0,9,51200,3,98,-55,35,-8
26425,2642,0,0,0,0,9,32768,1,98,-55,35,-5
26435,2643,0,0,0,1,9,32768,1,98,-55,35,-5
26445,2644,0,1,1,0,0,0,0,0,0,0,0
26455,2645,0,0,1,0,1,1,1,-2,0,0,0
26465,2646,0,0,1,0,2,19,3,46,0,0,0
26475,2647,0,0,1,0,3,311,6,42,0,0,0
26485,2648,0,0,1,0,4,4991,10,50,12,4,0
26495,2649,0,0,1,0,5,14334,12,50,24,20,0
26505,2650,0,0,1,0,6,32748,12,50,22,-12,0
26515,2651,0,0,1,0,7,65224,10,50,86,-10,-24
26525,2652,0,0,1,0,8,60544,6,50,86,-10,-20
26535,2653,0,0,1,0,9,51200,3,50,86,-10,-36
26545,2654,0,0,0,0,9,32768,1,50,86,-10,-20
26555,2655,0,0,0,1,9,32768,1,50,86,-10,-20
26565,2656,0,1,1,0,0,0,0,0,0,0,0
26575,2657,0,0,1,0,1,1,1,6,0,0,0
26585,2658,0,0,1,0,2,19,3,-36,0,0,0
26595,2659,0,0,1,0,3,311,6,-48,0,0,0
26605,2660,0,0,1,0,4,4991,10,-52,-9,0,0
26615,2661,0,0,1,0,5,14334,12,-52,-30,6,0
26625,2662,0,0,1,0,6,32748,12,-52,-54,6,0
26635,2663,0,0,1,0,7,65224,10,-52,-56,22,0
26645,2664,0,0,1,0,8,60544,6,-52,-56,22,3
26655,2665,0,0,1,0,9,51200,3,-52,-56,22,3
26665,2666,0,0,0,0,9,32768,1,-52,-56,22,11
26675,2667,0,0,0,1,9,32768,1,-52,-56,22,11
26685,2668,0,1,1,0,0,0,0,0,0,0,0
26695,2669,0,0,1,0,1,1,1,48,0,0,0
26705,2670,0,0,1,0,2,19,3,42,0,0,0
26715,2671,0,0,1,0,3,311,6,42,0,0,0
26725,2672,0,0,1,0,4,4991,10,84,48,-30,0
26735,2673,0,0,1,0,5,14334,12,84,60,-22,0
26745,2674,0,0,1,0,6,32748,12,84,28,-22,0
26755,2675,0,0,1,0,7,65224,10,84,-28,-16,-30
26765,2676,0,0,1,0,8,60544,6,84,-28,-16,-46
26775,2677,0,0,1,0,9,51200,3,84,-28,-16,-78
26785,2678,0,0,0,0,9,32768,1,84,-28,-16,-86
26795,2679,0,0,0,1,9,32768,1,84,-28,-16,-86
26805,2680,0,1,1,0,0,0,0,0,0,0,0
26815,2681,0,0,1,0,1,1,1,12,0,0,0
26825,2682,0,0,1,0,2,19,3,52,0,0,0
26835,2683,0,0,1,0,3,311,6,52,0,0,0
26845,2684,0,0,1,0,4,4991,10,80,24,-6,0
26855,2685,0,0,1,0,5,14334,12,80,48,4,0
26865,2686,0,0,1,0,6,32748,12,80,6,4,0
26875,2687,0,0,1,0,7,65224,10,80,48,20,-12
26885,2688,0,0,1,0,8,60544,6,80,48,20,-6
26895,2689,0,0,1,0,9,51200,3,80,48,20,1
26905,2690,0,0,0,0,9,32768,1,80,48,20,25
26915,2691,0,0,0,1,9,32768,1,80,48,20,25
26925,2692,0,1,1,0,0,0,0,0,0,0,0
26935,2693,0,0,1,0,1,1,1,2,0,0,0
26945,2694,0,0,1,0,2,19,3,-38,0,0,0
26955,2695,0,0,1,0,3,311,6,-8,0,0,0
26965,2696,0,0,1,0,4,4991,10,8,-4,0,0
26975,2697,0,0,1,0,5,14334,12,8,-44,24,0
26985,2698,0,0,1,0,6,32748,12,8,-49,12,0
26995,2699,0,0,1,0,7,65224,10,8,-65,14,0
27005,2700,0,0,1,0,8,60544,6,8,-65,14,24
27015,2701,0,0,1,0,9,51200,3,8,-65,14,26
27025,2702,0,0,0,0,9,32768,1,8,-65,14,24
27035,2703,0,0,0,1,9,32768,1,8,-65,14,24
27045,2704,0,1,1,0,0,0,0,0,0,0,0
27055,2705,0,0,1,0,1,1,1,-10,0,0,0
27065,2706,0,0,1,0,2,19,3,-22,0,0,0
27075,2707,0,0,1,0,3,311,6,-38,0,0,0
27085,2708,0,0,1,0,4,4991,10,-78,-14,0,0
27095,2709,0,0,1,0,5,14334,12,-78,-30,9,0
27105,2710,0,0,1,0,6,32748,12,-78,-86,-3,0
27115,2711,0,0,1,0,7,65224,10,-78,-142,-43,0
27125,2712,0,0,1,0,8,60544,6,-78,-142,-43,12
27135,2713,0,0,1,0,9,51200,3,-78,-142,-43,-30
27145,2714,0,0,0,0,9,32768,1,-78,-142,-43,-86
27155,2715,0,0,0,1,9,32768,1,-78,-142,-43,-86
27165,2716,0,1,1,0,0,0,0,0,0,0,0
27175,2717,0,0,1,0,1,1,1,0,0,0,0
27185,2718,0,0,1,0,2,19,3,6,0,0,0
27195,2719,0,0,1,0,3,311,6,-2,0,0,0
27205,2720,0,0,1,0,4,4991,10,-2,0,-6,0
27215,2721,0,0,1,0,5,14334,12,-2,10,-30,0
27225,2722,0,0,1,0,6,32748,12,-2,6,-34,0
27235,2723,0,0,1,0,7,65224,10,-2,6,14,-12
27245,2724,0,0,1,0,8,60544,6,-2,6,14,-52
27255,2725,0,0,1,0,9,51200,3,-2,6,14,-54
27265,2726,0,0,0,0,9,32768,1,-2,6,14,-72
27275,2727,0,0,0,1,9,32768,1,-2,6,14,-72
27285,2728,0,1,1,0,0,0,0,0,0,0,0
27295,2729,0,0,1,0,1,1,1,-10,0,0,0
27305,2730,0,0,1,0,2,19,3,-22,0,0,0
27315,2731,0,0,1,0,3,311,6,-14,0,0,0
27325,2732,0,0,1,0,4,4991,10,-23,40,-14,0
27335,2733,0,0,1,0,5,14334,12,-23,36,-32,0
27345,2734,0,0,1,0,6,32748,12,-23,16,-20,0
27355,2735,0,0,1,0,7,65224,10,-23,34,-41,56
27365,2736,0,0,1,0,8,60544,6,-23,34,-41,50
27375,2737,0,0,1,0,9,51200,3,-23,34,-41,20
27385,2738,0,0,0,0,9,32768,1,-23,34,-41,62
27395,2739,0,0,0,1,9,32768,1,-23,34,-41,62
27405,2740,0,1,1,0,0,0,0,0,0,0,0
27415,2741,0,0,1,0,1,1,1,6,0,0,0
27425,2742,0,0,1,0,2,19,3,-58,0,0,0
27435,2743,0,0,1,0,3,311,6,-37,0,0,0
27445,2744,0,0,1,0,4,4991,10,-13,21,-4,0
27455,2745,0,0,1,0,5,14334,12,-13,-35,12,0
27465,2746,0,0,1,0,6,32748,12,-13,-14,36,0
27475,2747,0,0,1,0,7,65224,10,-13,34,24,-14
27485,2748,0,0,1,0,8,60544,6,-13,34,24,0
27495,2749,0,0,1,0,9,51200,3,-13,34,24,24
27505,2750,0,0,0,0,9,32768,1,-13,34,24,0
27515,2751,0,0,0,1,9,32768,1,-13,34,24,0
27525,2752,0,1,1,0,0,0,0,0,0,0,0
27535,2753,0,0,1,0,1,1,1,-2,0,0,0
27545,2754,0,0,1,0,2,19,3,-5,0,0,0
27555,2755,0,0,1,0,3,311,6,15,0,0,0
27565,2756,0,0,1,0,4,4991,10,-33,14,1,0
27575,2757,0,0,1,0,5,14334,12,-33,15,-2,0
27585,2758,0,0,1,0,6,32748,12,-33,-10,14,0
27595,2759,0,0,1,0,7,65224,10,-33,-34,-42,-7
27605,2760,0,0,1,0,8,60544,6,-33,-34,-42,-6
27615,2761,0,0,1,0,9,51200,3,-33,-34,-42,-26
27625,2762,0,0,0,0,9,32768,1,-33,-34,-42,-54
27635,2763,0,0,0,1,9,32768,1,-33,-34,-42,-54
27645,2764,0,1,1,0,0,0,0,0,0,0,0
27655,2765,0,0,1,0,1,1,1,0,0,0,0
27665,2766,0,0,1,0,2,19,3,-28,0,0,0
27675,2767,0,0,1,0,3,311,6,-64,0,0,0
27685,2768,0,0,1,0,4,4991,10,-72,0,6,0
27695,2769,0,0,1,0,5,14334,12,-72,-42,-26,0
27705,2770,0,0,1,0,6,32748,12,-72,0,-8,0
27715,2771,0,0,1,0,7,65224,10,-72,6,-48,-8
27725,2772,0,0,1,0,8,60544,6,-72,6,-48,-56
27735,2773,0,0,1,0,9,51200,3,-72,6,-48,-77
27745,2774,0,0,0,0,9,32768,1,-72,6,-48,-47
27755,2775,0,0,0,1,9,32768,1,-72,6,-48,-47
27765,2776,0,1,1,0,0,0,0,0,0,0,0
27775,2777,0,0,1,0,1,1,1,-15,0,0,0
27785,2778,0,0,1,0,2,19,3,-15,0,0,0
27795,2779,0,0,1,0,3,311,6,-25,0,0,0
27805,2780,0,0,1,0,4,4991,10,-50,15,-21,0
27815,2781,0,0,1,0,5,14334,12,-50,18,-21,0
27825,2782,0,0,1,0,6,32748,12,-50,3,-29,0
27835,2783,0,0,1,0,7,65224,10,-50,-32,1,21
27845,2784,0,0,1,0,8,60544,6,-50,-32,1,33
27855,2785,0,0,1,0,9,51200,3,-50,-32,1,21
27865,2786,0,0,0,0,9,32768,1,-50,-32,1,63
27875,2787,0,0,0,1,9,32768,1,-50,-32,1,63
27885,2788,0,1,1,0,0,0,0,0,0,0,0
27895,2789,0,0,1,0,1,1,1,0,0,0,0
27905,2790,0,0,1,0,2,19,3,48,0,0,0
27915,2791,0,0,1,0,3,311,6,54,0,0,0
27925,2792,0,0,1,0,4,4991,10,54,0,0,0
27935,2793,0,0,1,0,5,14334,12,54,-48,40,0
27945,2794,0,0,1,0,6,32748,12,54,-36,34,0
27955,2795,0,0,1,0,7,65224,10,54,-4,34,0
27965,2796,0,0,1,0,8,60544,6,54,-4,34,-40
27975,2797,0,0,1,0,9,51200,3,54,-4,34,-52
27985,2798,0,0,0,0,9,32768,1,54,-4,34,-44
27995,2799,0,0,0,1,9,32768,1,54,-4,34,-44
28005,2800,0,1,1,0,0,0,0,0,0,0,0
28015,2801,0,0,1,0,1,1,1,48,0,0,0
28025,2802,0,0,1,0,2,19,3,24,0,0,0
28035,2803,0,0,1,0,3,311,6,38,0,0,0
28045,2804,0,0,1,0,4,4991,10,8,-18,48,0
28055,2805,0,0,1,0,5,14334,12,8,-10,45,0
28065,2806,0,0,1,0,6,32748,12,8,-59,29,0
28075,2807,0,0,1,0,7,65224,10,8,-39,11,-18
28085,2808,0,0,1,0,8,60544,6,8,-39,11,-17
28095,2809,0,0,1,0,9,51200,3,8,-39,11,39
28105,2810,0,0,0,0,9,32768,1,8,-39,11,51
28115,2811,0,0,0,1,9,32768,1,8,-39,11,51
28125,2812,0,1,1,0,0,0,0,0,0,0,0
28135,2813,0,0,1,0,1,1,1,2,0,0,0
28145,2814,0,0,1,0,2,19,3,-12,0,0,0
28155,2815,0,0,1,0,3,311,6,-12,0,0,0
28165,2816,0,0,1,0,4,4991,10,-10,8,-4,0
28175,2817,0,0,1,0,5,14334,12,-10,64,-20,0
28185,2818,0,0,1,0,6,32748,12,-10,64,-44,0
28195,2819,0,0,1,0,7,65224,10,-10,48,-37,-16
28205,2820,0,0,1,0,8,60544,6,-10,48,-37,48
28215,2821,0,0,1,0,9,51200,3,-10,48,-37,36
28225,2822,0,0,0,0,9,32768,1,-10,48,-37,-20
28235,2823,0,0,0,1,9,32768,1,-10,48,-37,-20
28245,2824,0,1,1,0,0,0,0,0,0,0,0
28255,2825,0,0,1,0,1,1,1,0,0,0,0
28265,2826,0,0,1,0,2,19,3,0,0,0,0
28275,2827,0,0,1,0,3,311,6,49,0,0,0
28285,2828,0,0,1,0,4,4991,10,13,0,15,0
28295,2829,0,0,1,0,5,14334,12,13,0,23,0
28305,2830,0,0,1,0,6,32748,12,13,-14,58,0
28315,2831,0,0,1,0,7,65224,10,13,28,100,-12
28325,2832,0,0,1,0,8,60544,6,13,28,100,-14
28335,2833,0,0,1,0,9,51200,3,13,28,100,-24
28345,2834,0,0,0,0,9,32768,1,13,28,100,-73
28355,2835,0,0,0,1,9,32768,1,13,28,100,-73
28365,2836,0,1,1,0,0,0,0,0,0,0,0
28375,2837,0,0,1,0,1,1,1,-5,0,0,0
28385,2838,0,0,1,0,2,19,3,35,0,0,0
28395,2839,0,0,1,0,3,311,6,39,0,0,0
28405,2840,0,0,1,0,4,4991,10,38,0,-1,0
28415,2841,0,0,1,0,5,14334,12,38,5,7,0
28425,2842,0,0,1,0,6,32748,12,38,4,19,0
28435,2843,0,0,1,0,7,65224,10,38,9,17,0
28445,2844,0,0,1,0,8,60544,6,38,9,17,1
28455,2845,0,0,1,0,9,51200,3,38,9,17,-2
28465,2846,0,0,0,0,9,32768,1,38,9,17,8
28475,2847,0,0,0,1,9,32768,1,38,9,17,8
28485,2848,0,1,1,0,0,0,0,0,0,0,0
28495,2849,0,0,1,0,1,1,1,48,0,0,0
28505,2850,0,0,1,0,2,19,3,48,0,0,0
28515,2851,0,0,1,0,3,311,6,104,0,0,0
28525,2852,0,0,1,0,4,4991,10,80,-12,32,0
28535,2853,0,0,1,0,5,14334,12,80,-12,-10,0
28545,2854,0,0,1,0,6,32748,12,80,12,4,0
28555,2855,0,0,1,0,7,65224,10,80,60,-4,-8
28565,2856,0,0,1,0,8,60544,6,80,60,-4,-29
28575,2857,0,0,1,0,9,51200,3,80,60,-4,-23
28585,2858,0,0,0,0,9,32768,1,80,60,-4,-7
28595,2859,0,0,0,1,9,32768,1,80,60,-4,-7
28605,2860,0,1,1,0,0,0,0,0,0,0,0
28615,2861,0,0,1,0,1,1,1,8,0,0,0
28625,2862,0,0,1,0,2,19,3,15,0,0,0
28635,2863,0,0,1,0,3,311,6,7,0,0,0
28645,2864,0,0,1,0,4,4991,10,-1,-8,12,0
28655,2865,0,0,1,0,5,14334,12,-1,-15,17,0
28665,2866,0,0,1,0,6,32748,12,-1,-55,23,0
28675,2867,0,0,1,0,7,65224,10,-1,-71,21,-12
28685,2868,0,0,1,0,8,60544,6,-1,-71,21,-17
28695,2869,0,0,1,0,9,51200,3,-1,-71,21,13
28705,2870,0,0,0,0,9,32768,1,-1,-71,21,9
28715,2871,0,0,0,1,9,32768,1,-1,-71,21,9
28725,2872,0,1,1,0,0,0,0,0,0,0,0
28735,2873,0,0,1,0,1,1,1,16,0,0,0
28745,2874,0,0,1,0,2,19,3,16,0,0,0
28755,2875,0,0,1,0,3,311,6,-40,0,0,0
28765,2876,0,0,1,0,4,4991,10,-88,-24,-12,0
28775,2877,0,0,1,0,5,14334,12,-88,-10,-12,0
28785,2878,0,0,1,0,6,32748,12,-88,11,-68,0
28795,2879,0,0,1,0,7,65224,10,-88,35,-104,18
28805,2880,0,0,1,0,8,60544,6,-88,35,-104,18
28815,2881,0,0,1,0,9,51200,3,-88,35,-104,39
28825,2882,0,0,0,0,9,32768,1,-88,35,-104,57
28835,2883,0,0,0,1,9,32768,1,-88,35,-104,57
28845,2884,0,1,1,0,0,0,0,0,0,0,0
28855,2885,0,0,1,0,1,1,1,3,0,0,0
28865,2886,0,0,1,0,2,19,3,-29,0,0,0
28875,2887,0,0,1,0,3,311,6,-37,0,0,0
28885,2888,0,0,1,0,4,4991,10,-58,-6,21,0
28895,2889,0,0,1,0,5,14334,12,-58,-30,37,0
28905,2890,0,0,1,0,6,32748,12,-58,-18,61,0
28915,2891,0,0,1,0,7,65224,10,-58,3,26,-42
28925,2892,0,0,1,0,8,60544,6,-58,3,26,-30
28935,2893,0,0,1,0,9,51200,3,-58,3,26,-66
28945,2894,0,0,0,0,9,32768,1,-58,3,26,-31
28955,2895,0,0,0,1,9,32768,1,-58,3,26,-31
28965,2896,0,1,1,0,0,0,0,0,0,0,0
28975,2897,0,0,1,0,1,1,1,18,0,0,0
28985,2898,0,0,1,0,2,19,3,10,0,0,0
28995,2899,0,0,1,0,3,311,6,5,0,0,0
29005,2900,0,0,1,0,4,4991,10,8,36,6,0
29015,2901,0,0,1,0,5,14334,12,8,4,16,0
29025,2902,0,0,1,0,6,32748,12,8,-36,16,0
29035,2903,0,0,1,0,7,65224,10,8,-57,20,12
29045,2904,0,0,1,0,8,60544,6,8,-57,20,52
29055,2905,0,0,1,0,9,51200,3,8,-57,20,52
29065,2906,0,0,0,0,9,32768,1,8,-57,20,24
29075,2907,0,0,0,1,9,32768,1,8,-57,20,24
29085,2908,0,1,1,0,0,0,0,0,0,0,0
29095,2909,0,0,1,0,1,1,1,12,0,0,0
29105,2910,0,0,1,0,2,19,3,-24,0,0,0
29115,2911,0,0,1,0,3,311,6,0,0,0,0
29125,2912,0,0,1,0,4,4991,10,-12,24,-24,0
29135,2913,0,0,1,0,5,14334,12,-12,60,18,0
29145,2914,0,0,1,0,6,32748,12,-12,80,-24,0
29155,2915,0,0,1,0,7,65224,10,-12,88,-72,-48
29165,2916,0,0,1,0,8,60544,6,-12,88,-72,-90
29175,2917,0,0,1,0,9,51200,3,-12,88,-72,-125
29185,2918,0,0,0,0,9,32768,1,-12,88,-72,-93
29195,2919,0,0,0,1,9,32768,1,-12,88,-72,-93
29205,2920,0,1,1,0,0,0,0,0,0,0,0
29215,2921,0,0,1,0,1,1,1,21,0,0,0
29225,2922,0,0,1,0,2,19,3,-14,0,0,0
29235,2923,0,0,1,0,3,311,6,-13,0,0,0
29245,2924,0,0,1,0,4,4991,10,-20,-24,-7,0
29255,2925,0,0,1,0,5,14334,12,-20,6,-56,0
29265,2926,0,0,1,0,6,32748,12,-20,12,-56,0
29275,2927,0,0,1,0,7,65224,10,-20,10,-21,8
29285,2928,0,0,1,0,8,60544,6,-20,10,-21,50
29295,2929,0,0,1,0,9,51200,3,-20,10,-21,50
29305,2930,0,0,0,0,9,32768,1,-20,10,-21,60
29315,2931,0,0,0,1,9,32768,1,-20,10,-21,60
29325,2932,0,1,1,0,0,0,0,0,0,0,0
29335,2933,0,0,1,0,1,1,1,21,0,0,0
29345,2934,0,0,1,0,2,19,3,27,0,0,0
29355,2935,0,0,1,0,3,311,6,35,0,0,0
29365,2936,0,0,1,0,4,4991,10,71,28,18,0
29375,2937,0,0,1,0,5,14334,12,71,34,17,0
29385,2938,0,0,1,0,6,32748,12,71,42,9,0
29395,2939,0,0,1,0,7,65224,10,71,66,-39,24
29405,2940,0,0,1,0,8,60544,6,71,66,-39,23
29415,2941,0,0,1,0,9,51200,3,71,66,-39,15
29425,2942,0,0,0,0,9,32768,1,71,66,-39,-17
29435,2943,0,0,0,1,9,32768,1,71,66,-39,-17
29445,2944,0,1,1,0,0,0,0,0,0,0,0
29455,2945,0,0,1,0,1,1,1,-8,0,0,0
29465,2946,0,0,1,0,2,19,3,4,0,0,0
29475,2947,0,0,1,0,3,311,6,-38,0,0,0
29485,2948,0,0,1,0,4,4991,10,-38,-8,12,0
29495,2949,0,0,1,0,5,14334,12,-38,16,-4,0
29505,2950,0,0,1,0,6,32748,12,-38,44,-10,0
29515,2951,0,0,1,0,7,65224,10,-38,44,-10,12
29525,2952,0,0,1,0,8,60544,6,-38,44,-10,-20
29535,2953,0,0,1,0,9,51200,3,-38,44,-10,-16
29545,2954,0,0,0,0,9,32768,1,-38,44,-10,-16
29555,2955,0,0,0,1,9,32768,1,-38,44,-10,-16
29565,2956,0,1,1,0,0,0,0,0,0,0,0
29575,2957,0,0,1,0,1,1,1,0,0,0,0
29585,2958,0,0,1,0,2,19,3,-6,0,0,0
29595,2959,0,0,1,0,3,311,6,0,0,0,0
29605,2960,0,0,1,0,4,4991,10,-32,0,3,0
29615,2961,0,0,1,0,5,14334,12,-32,-36,-4,0
29625,2962,0,0,1,0,6,32748,12,-32,-39,-4,0
29635,2963,0,0,1,0,7,65224,10,-32,-35,20,6
29645,2964,0,0,1,0,8,60544,6,-32,-35,20,-36
29655,2965,0,0,1,0,9,51200,3,-32,-35,20,-36
29665,2966,0,0,0,0,9,32768,1,-32,-35,20,-39
29675,2967,0,0,0,1,9,32768,1,-32,-35,20,-39
29685,2968,0,1,1,0,0,0,0,0,0,0,0
29695,2969,0,0,1,0,1,1,1,-6,0,0,0
29705,2970,0,0,1,0,2,19,3,24,0,0,0
29715,2971,0,0,1,0,3,311,6,66,0,0,0
29725,2972,0,0,1,0,4,4991,10,46,-6,-12,0
29735,2973,0,0,1,0,5,14334,12,46,34,-42,0
29745,2974,0,0,1,0,6,32748,12,46,-2,-35,0
29755,2975,0,0,1,0,7,65224,10,46,28,-67,-12
29765,2976,0,0,1,0,8,60544,6,46,28,-67,-52
29775,2977,0,0,1,0,9,51200,3,46,28,-67,-58
29785,2978,0,0,0,0,9,32768,1,46,28,-67,-10
29795,2979,0,0,0,1,9,32768,1,46,28,-67,-10
29805,2980,0,1,1,0,0,0,0,0,0,0,0
29815,2981,0,0,1,0,1,1,1,0,0,0,0
29825,2982,0,0,1,0,2,19,3,-14,0,0,0
29835,2983,0,0,1,0,3,311,6,-14,0,0,0
29845,2984,0,0,1,0,4,4991,10,-6,0,30,0
29855,2985,0,0,1,0,5,14334,12,-6,7,26,0
29865,2986,0,0,1,0,6,32748,12,-6,-25,26,0
29875,2987,0,0,1,0,7,65224,10,-6,-15,30,-10
29885,2988,0,0,1,0,8,60544,6,-6,-15,30,-8
29895,2989,0,0,1,0,9,51200,3,-6,-15,30,-40
29905,2990,0,0,0,0,9,32768,1,-6,-15,30,-35
29915,2991,0,0,0,1,9,32768,1,-6,-15,30,-35
29925,2992,0,1,1,0,0,0,0,0,0,0,0
29935,2993,0,0,1,0,1,1,1,-32,0,0,0
29945,2994,0,0,1,0,2,19,3,-28,0,0,0
29955,2995,0,0,1,0,3,311,6,-36,0,0,0
29965,2996,0,0,1,0,4,4991,10,20,-32,4,0
29975,2997,0,0,1,0,5,14334,12,20,-48,16,0
29985,2998,0,0,1,0,6,32748,12,20,-40,16,0
29995,2999,0,0,1,0,7,65224,10,20,-96,23,4
30005,3000,0,0,1,0,8,60544,6,20,-96,23,-44
30015,3001,0,0,1,0,9,51200,3,20,-96,23,-44
30025,3002,0,0,0,0,9,32768,1,20,-96,23,-51
30035,3003,0,0,0,1,9,32768,1,20,-96,23,-51
30045,3004,0,1,1,0,0,0,0,0,0,0,0
30055,3005,0,0,1,0,1,1,1,0,0,0,0
30065,3006,0,0,1,0,2,19,3,-6,0,0,0
30075,3007,0,0,1,0,3,311,6,-11,0,0,0
30085,3008,0,0,1,0,4,4991,10,10,56,0,0
30095,3009,0,0,1,0,5,14334,12,10,92,-1,0
30105,3010,0,0,1,0,6,32748,12,10,94,-11,0
30115,3011,0,0,1,0,7,65224,10,10,45,-17,-7
30125,3012,0,0,1,0,8,60544,6,10,45,-17,-1
30135,3013,0,0,1,0,9,51200,3,10,45,-17,3
30145,3014,0,0,0,0,9,32768,1,10,45,-17,17
30155,3015,0,0,0,1,9,32768,1,10,45,-17,17
30165,3016,0,1,1,0,0,0,0,0,0,0,0
30175,3017,0,0,1,0,1,1,1,8,0,0,0
30185,3018,0,0,1,0,2,19,3,14,0,0,0
30195,3019,0,0,1,0,3,311,6,29,0,0,0
30205,3020,0,0,1,0,4,4991,10,45,0,-1,0
30215,3021,0,0,1,0,5,14334,12,45,-8,35,0
30225,3022,0,0,1,0,6,32748,12,45,7,65,0
30235,3023,0,0,1,0,7,65224,10,45,63,77,0
30245,3024,0,0,1,0,8,60544,6,45,63,77,-48
30255,3025,0,0,1,0,9,51200,3,45,63,77,-18
30265,3026,0,0,0,0,9,32768,1,45,63,77,24
30275,3027,0,0,0,1,9,32768,1,45,63,77,24
30285,3028,0,1,1,0,0,0,0,0,0,0,0
30295,3029,0,0,1,0,1,1,1,25,0,0,0
30305,3030,0,0,1,0,2,19,3,13,0,0,0
30315,3031,0,0,1,0,3,311,6,16,0,0,0
30325,3032,0,0,1,0,4,4991,10,48,-5,15,0
30335,3033,0,0,1,0,5,14334,12,48,9,-27,0
30345,3034,0,0,1,0,6,32748,12,48,13,-24,0
30355,3035,0,0,1,0,7,65224,10,48,45,-4,-3
30365,3036,0,0,1,0,8,60544,6,48,45,-4,46
30375,3037,0,0,1,0,9,51200,3,48,45,-4,50
30385,3038,0,0,0,0,9,32768,1,48,45,-4,70
30395,3039,0,0,0,1,9,32768,1,48,45,-4,70
30405,3040,0,1,1,0,0,0,0,0,0,0,0
30415,3041,0,0,1,0,1,1,1,10,0,0,0
30425,3042,0,0,1,0,2,19,3,8,0,0,0
30435,3043,0,0,1,0,3,311,6,-4,0,0,0
30445,3044,0,0,1,0,4,4991,10,2,12,-5,0
30455,3045,0,0,1,0,5,14334,12,2,14,-1,0
30465,3046,0,0,1,0,6,32748,12,2,-18,2,0
30475,3047,0,0,1,0,7,65224,10,2,-36,10,-6
30485,3048,0,0,1,0,8,60544,6,2,-36,10,-10
30495,3049,0,0,1,0,9,51200,3,2,-36,10,-2
30505,3050,0,0,0,0,9,32768,1,2,-36,10,-26
30515,3051,0,0,0,1,9,32768,1,2,-36,10,-26
30525,3052,0,1,1,0,0,0,0,0,0,0,0
30535,3053,0,0,1,0,1,1,1,-24,0,0,0
30545,3054,0,0,1,0,2,19,3,-8,0,0,0
30555,3055,0,0,1,0,3,311,6,-23,0,0,0
30565,3056,0,0,1,0,4,4991,10,1,24,12,0
30575,3057,0,0,1,0,5,14334,12,1,34,36,0
30585,3058,0,0,1,0,6,32748,12,1,54,48,0
30595,3059,0,0,1,0,7,65224,10,1,70,45,-12
30605,3060,0,0,1,0,8,60544,6,1,70,45,3
30615,3061,0,0,1,0,9,51200,3,1,70,45,-13
30625,3062,0,0,0,0,9,32768,1,1,70,45,-15
30635,3063,0,0,0,1,9,32768,1,1,70,45,-15
30645,3064,0,1,1,0,0,0,0,0,0,0,0
30655,3065,0,0,1,0,1,1,1,0,0,0,0
30665,3066,0,0,1,0,2,19,3,-9,0,0,0
30675,3067,0,0,1,0,3,311,6,-37,0,0,0
30685,3068,0,0,1,0,4,4991,10,-37,0,-7,0
30695,3069,0,0,1,0,5,14334,12,-37,-15,-28,0
30705,3070,0,0,1,0,6,32748,12,-37,-50,-20,0
30715,3071,0,0,1,0,7,65224,10,-37,-30,-20,0
30725,3072,0,0,1,0,8,60544,6,-37,-30,-20,-35
30735,3073,0,0,1,0,9,51200,3,-37,-30,-20,-25
30745,3074,0,0,0,0,9,32768,1,-37,-30,-20,-60
30755,3075,0,0,0,1,9,32768,1,-37,-30,-20,-60
30765,3076,0,1,1,0,0,0,0,0,0,0,0
30775,3077,0,0,1,0,1,1,1,7,0,0,0
30785,3078,0,0,1,0,2,19,3,-17,0,0,0
30795,3079,0,0,1,0,3,311,6,-59,0,0,0
30805,3080,0,0,1,0,4,4991,10,-59,-6,7,0
30815,3081,0,0,1,0,5,14334,12,-59,3,-1,0
30825,3082,0,0,1,0,6,32748,12,-59,-32,23,0
30835,3083,0,0,1,0,7,65224,10,-59,-32,-33,-6
30845,3084,0,0,1,0,8,60544,6,-59,-32,-33,-3
30855,3085,0,0,1,0,9,51200,3,-59,-32,-33,17
30865,3086,0,0,0,0,9,32768,1,-59,-32,-33,33
30875,3087,0,0,0,1,9,32768,1,-59,-32,-33,33
30885,3088,0,1,1,0,0,0,0,0,0,0,0
30895,3089,0,0,1,0,1,1,1,-24,0,0,0
30905,3090,0,0,1,0,2,19,3,-16,0,0,0
30915,3091,0,0,1,0,3,311,6,-40,0,0,0
30925,3092,0,0,1,0,4,4991,10,-75,-24,-12,0
30935,3093,0,0,1,0,5,14334,12,-75,-16,-52,0
30945,3094,0,0,1,0,6,32748,12,-75,-40,-67,0
30955,3095,0,0,1,0,7,65224,10,-75,-75,-102,-12
30965,3096,0,0,1,0,8,60544,6,-75,-75,-102,-52
30975,3097,0,0,1,0,9,51200,3,-75,-75,-102,-67
30985,3098,0,0,0,0,9,32768,1,-75,-75,-102,-102
30995,3099,0,0,0,1,9,32768,1,-75,-75,-102,-102
31005,3100,0,1,1,0,0,0,0,0,0,0,0
31015,3101,0,0,1,0,1,1,1,5,0,0,0
31025,3102,0,0,1,0,2,19,3,9,0,0,0
31035,3103,0,0,1,0,3,311,6,57,0,0,0
31045,3104,0,0,1,0,4,4991,10,57,-5,4,0
31055,3105,0,0,1,0,5,14334,12,57,-7,-12,0
31065,3106,0,0,1,0,6,32748,12,57,-7,-4,0
31075,3107,0,0,1,0,7,65224,10,57,-7,17,-4
31085,3108,0,0,1,0,8,60544,6,57,-7,17,4
31095,3109,0,0,1,0,9,51200,3,57,-7,17,4
31105,3110,0,0,0,0,9,32768,1,57,-7,17,-11
31115,3111,0,0,0,1,9,32768,1,57,-7,17,-11
31125,3112,0,1,1,0,0,0,0,0,0,0,0
31135,3113,0,0,1,0,1,1,1,-14,0,0,0
31145,3114,0,0,1,0,2,19,3,-6,0,0,0
31155,3115,0,0,1,0,3,311,6,-6,0,0,0
31165,3116,0,0,1,0,4,4991,10,-6,7,-10,0
31175,3117,0,0,1,0,5,14334,12,-6,-49,-10,0
31185,3118,0,0,1,0,6,32748,12,-6,-49,20,0
31195,3119,0,0,1,0,7,65224,10,-6,-49,12,5
31205,3120,0,0,1,0,8,60544,6,-6,-49,12,5
31215,3121,0,0,1,0,9,51200,3,-6,-49,12,30
31225,3122,0,0,0,0,9,32768,1,-6,-49,12,37
31235,3123,0,0,0,1,9,32768,1,-6,-49,12,37
31245,3124,0,1,1,0,0,0,0,0,0,0,0
31255,3125,0,0,1,0,1,1,1,-3,0,0,0
31265,3126,0,0,1,0,2,19,3,-3,0,0,0
31275,3127,0,0,1,0,3,311,6,-3,0,0,0
31285,3128,0,0,1,0,4,4991,10,-39,-3,1,0
31295,3129,0,0,1,0,5,14334,12,-39,-15,1,0
31305,3130,0,0,1,0,6,32748,12,-39,-15,-55,0
31315,3131,0,0,1,0,7,65224,10,-39,-9,-91,1
31325,3132,0,0,1,0,8,60544,6,-39,-9,-91,-27
31335,3133,0,0,1,0,9,51200,3,-39,-9,-91,29
31345,3134,0,0,0,0,9,32768,1,-39,-9,-91,35
31355,3135,0,0,0,1,9,32768,1,-39,-9,-91,35
31365,3136,0,1,1,0,0,0,0,0,0,0,0
31375,3137,0,0,1,0,1,1,1,-48,0,0,0
31385,3138,0,0,1,0,2,19,3,-96,0,0,0
31395,3139,0,0,1,0,3,311,6,-80,0,0,0
31405,3140,0,0,1,0,4,4991,10,-101,48,16,0
31415,3141,0,0,1,0,5,14334,12,-101,66,40,0
31425,3142,0,0,1,0,6,32748,12,-101,70,24,0
31435,3143,0,0,1,0,7,65224,10,-101,76,73,-16
31445,3144,0,0,1,0,8,60544,6,-101,76,73,-25
31455,3145,0,0,1,0,9,51200,3,-101,76,73,-29
31465,3146,0,0,0,0,9,32768,1,-101,76,73,-43
31475,3147,0,0,0,1,9,32768,1,-101,76,73,-43
31485,3148,0,1,1,0,0,0,0,0,0,0,0
31495,3149,0,0,1,0,1,1,1,18,0,0,0
31505,3150,0,0,1,0,2,19,3,18,0,0,0
31515,3151,0,0,1,0,3,311,6,15,0,0,0
31525,3152,0,0,1,0,4,4991,10,36,-18,-12,0
31535,3153,0,0,1,0,5,14334,12,36,-53,-12,0
31545,3154,0,0,1,0,6,32748,12,36,-38,-15,0
31555,3155,0,0,1,0,7,65224,10,36,-80,-30,12
31565,3156,0,0,1,0,8,60544,6,36,-80,-30,-13
31575,3157,0,0,1,0,9,51200,3,36,-80,-30,2
31585,3158,0,0,0,0,9,32768,1,36,-80,-30,32
31595,3159,0,0,0,1,9,32768,1,36,-80,-30,32
31605,3160,0,1,1,0,0,0,0,0,0,0,0
31615,3161,0,0,1,0,1,1,1,3,0,0,0
31625,3162,0,0,1,0,2,19,3,2,0,0,0
31635,3163,0,0,1,0,3,311,6,26,0,0,0
31645,3164,0,0,1,0,4,4991,10,10,-5,-21,0
31655,3165,0,0,1,0,5,14334,12,10,-1,-18,0
31665,3166,0,0,1,0,6,32748,12,10,-13,-10,0
31675,3167,0,0,1,0,7,65224,10,10,-5,38,35
31685,3168,0,0,1,0,8,60544,6,10,-5,38,23
31695,3169,0,0,1,0,9,51200,3,10,-5,38,19
31705,3170,0,0,0,0,9,32768,1,10,-5,38,-5
31715,3171,0,0,0,1,9,32768,1,10,-5,38,-5
31725,3172,0,1,1,0,0,0,0,0,0,0,0
31735,3173,0,0,1,0,1,1,1,-24,0,0,0
31745,3174,0,0,1,0,2,19,3,40,0,0,0
31755,3175,0,0,1,0,3,311,6,56,0,0,0
31765,3176,0,0,1,0,4,4991,10,60,-12,20,0
31775,3177,0,0,1,0,5,14334,12,60,-20,-28,0
31785,3178,0,0,1,0,6,32748,12,60,0,-48,0
31795,3179,0,0,1,0,7,65224,10,60,2,-16,10
31805,3180,0,0,1,0,8,60544,6,60,2,-16,16
31815,3181,0,0,1,0,9,51200,3,60,2,-16,-9
31825,3182,0,0,0,0,9,32768,1,60,2,-16,7
31835,3183,0,0,0,1,9,32768,1,60,2,-16,7
31845,3184,0,1,1,0,0,0,0,0,0,0,0
31855,3185,0,0,1,0,1,1,1,0,0,0,0
31865,3186,0,0,1,0,2,19,3,-16,0,0,0
31875,3187,0,0,1,0,3,311,6,-18,0,0,0
31885,3188,0,0,1,0,4,4991,10,-42,18,0,0
31895,3189,0,0,1,0,5,14334,12,-42,8,-64,0
31905,3190,0,0,1,0,6,32748,12,-42,10,-69,0
31915,3191,0,0,1,0,7,65224,10,-42,7,-85,12
31925,3192,0,0,1,0,8,60544,6,-42,7,-85,-28
31935,3193,0,0,1,0,9,51200,3,-42,7,-85,-23
31945,3194,0,0,0,0,9,32768,1,-42,7,-85,-25
31955,3195,0,0,0,1,9,32768,1,-42,7,-85,-25
31965,3196,0,1,1,0,0,0,0,0,0,0,0
31975,3197,0,0,1,0,1,1,1,-5,0,0,0
31985,3198,0,0,1,0,2,19,3,-13,0,0,0
31995,3199,0,0,1,0,3,311,6,-34,0,0,0
32005,3200,0,0,1,0,4,4991,10,-39,4,-15,0
32015,3201,0,0,1,0,5,14334,12,-39,20,-20,0
32025,3202,0,0,1,0,6,32748,12,-39,6,-38,0
32035,3203,0,0,1,0,7,65224,10,-39,5,-13,12
32045,3204,0,0,1,0,8,60544,6,-39,5,-13,22
32055,3205,0,0,1,0,9,51200,3,-39,5,-13,10
32065,3206,0,0,0,0,9,32768,1,-39,5,-13,15
32075,3207,0,0,0,1,9,32768,1,-39,5,-13,15
32085,3208,0,1,1,0,0,0,0,0,0,0,0
32095,3209,0,0,1,0,1,1,1,42,0,0,0
32105,3210,0,0,1,0,2,19,3,78,0,0,0
32115,3211,0,0,1,0,3,311,6,78,0,0,0
32125,3212,0,0,1,0,4,4991,10,94,-28,-36,0
32135,3213,0,0,1,0,5,14334,12,94,-22,-84,0
32145,3214,0,0,1,0,6,32748,12,94,26,-84,0
32155,3215,0,0,1,0,7,65224,10,94,58,-88,24
32165,3216,0,0,1,0,8,60544,6,94,58,-88,16
32175,3217,0,0,1,0,9,51200,3,94,58,-88,16
32185,3218,0,0,0,0,9,32768,1,94,58,-88,8
32195,3219,0,0,0,1,9,32768,1,94,58,-88,8
32205,3220,0,1,1,0,0,0,0,0,0,0,0
32215,3221,0,0,1,0,1,1,1,-64,0,0,0
32225,3222,0,0,1,0,2,19,3,-88,0,0,0
32235,3223,0,0,1,0,3,311,6,-78,0,0,0
32245,3224,0,0,1,0,4,4991,10,-62,-24,48,0
32255,3225,0,0,1,0,5,14334,12,-62,24,80,0
32265,3226,0,0,1,0,6,32748,12,-62,34,68,0
32275,3227,0,0,1,0,7,65224,10,-62,50,92,18
32285,3228,0,0,1,0,8,60544,6,-62,50,92,-46
32295,3229,0,0,1,0,9,51200,3,-62,50,92,-58
32305,3230,0,0,0,0,9,32768,1,-62,50,92,-34
32315,3231,0,0,0,1,9,32768,1,-62,50,92,-34
32325,3232,0,1,1,0,0,0,0,0,0,0,0
32335,3233,0,0,1,0,1,1,1,24,0,0,0
32345,3234,0,0,1,0,2,19,3,45,0,0,0
32355,3235,0,0,1,0,3,311,6,49,0,0,0
32365,3236,0,0,1,0,4,4991,10,47,-40,15,0
32375,3237,0,0,1,0,5,14334,12,47,-55,-27,0
32385,3238,0,0,1,0,6,32748,12,47,-55,-59,0
32395,3239,0,0,1,0,7,65224,10,47,-53,-57,-25
32405,3240,0,0,1,0,8,60544,6,47,-53,-57,5
32415,3241,0,0,1,0,9,51200,3,47,-53,-57,5
32425,3242,0,0,0,0,9,32768,1,47,-53,-57,3
32435,3243,0,0,0,1,9,32768,1,47,-53,-57,3
32445,3244,0,1,1,0,0,0,0,0,0,0,0
32455,3245,0,0,1,0,1,1,1,10,0,0,0
32465,3246,0,0,1,0,2,19,3,30,0,0,0
32475,3247,0,0,1,0,3,311,6,22,0,0,0
32485,3248,0,0,1,0,4,4991,10,28,-35,14,0
32495,3249,0,0,1,0,5,14334,12,28,-63,54,0
32505,3250,0,0,1,0,6,32748,12,28,-64,86,0
32515,3251,0,0,1,0,7,65224,10,28,-46,98,-49
32525,3252,0,0,1,0,8,60544,6,28,-46,98,-105
32535,3253,0,0,1,0,9,51200,3,28,-46,98,-101
32545,3254,0,0,0,0,9,32768,1,28,-46,98,-65
32555,3255,0,0,0,1,9,32768,1,28,-46,98,-65
32565,3256,0,1,1,0,0,0,0,0,0,0,0
32575,3257,0,0,1,0,1,1,1,-40,0,0,0
32585,3258,0,0,1,0,2,19,3,-43,0,0,0
32595,3259,0,0,1,0,3,311,6,-43,0,0,0
32605,3260,0,0,1,0,4,4991,10,-8,30,40,0
32615,3261,0,0,1,0,5,14334,12,-8,42,38,0
32625,3262,0,0,1,0,6,32748,12,-8,42,66,0
32635,3263,0,0,1,0,7,65224,10,-8,7,61,-30
32645,3264,0,0,1,0,8,60544,6,-8,7,61,-22
32655,3265,0,0,1,0,9,51200,3,-8,7,61,-6
32665,3266,0,0,0,0,9,32768,1,-8,7,61,-1
32675,3267,0,0,0,1,9,32768,1,-8,7,61,-1
32685,3268,0,1,1,0,0,0,0,0,0,0,0
32695,3269,0,0,1,0,1,1,1,-9,0,0,0
32705,3270,0,0,1,0,2,19,3,-14,0,0,0
32715,3271,0,0,1,0,3,311,6,-14,0,0,0
32725,3272,0,0,1,0,4,4991,10,-14,21,3,0
32735,3273,0,0,1,0,5,14334,12,-14,25,43,0
32745,3274,0,0,1,0,6,32748,12,-14,35,43,0
32755,3275,0,0,1,0,7,65224,10,-14,35,23,-7
32765,3276,0,0,1,0,8,60544,6,-14,35,23,-39
32775,3277,0,0,1,0,9,51200,3,-14,35,23,-59
32785,3278,0,0,0,0,9,32768,1,-14,35,23,-47
32795,3279,0,0,0,1,9,32768,1,-14,35,23,-47
32805,3280,0,1,1,0,0,0,0,0,0,0,0
32815,3281,0,0,1,0,1,1,1,40,0,0,0
32825,3282,0,0,1,0,2,19,3,32,0,0,0
32835,3283,0,0,1,0,3,311,6,56,0,0,0
32845,3284,0,0,1,0,4,4991,10,112,-32,0,0
32855,3285,0,0,1,0,5,14334,12,112,-32,-8,0
32865,3286,0,0,1,0,6,32748,12,112,8,-26,0
32875,3287,0,0,1,0,7,65224,10,112,64,9,0
32885,3288,0,0,1,0,8,60544,6,112,64,9,0
32895,3289,0,0,1,0,9,51200,3,112,64,9,-30
32905,3290,0,0,0,0,9,32768,1,112,64,9,5
32915,3291,0,0,0,1,9,32768,1,112,64,9,5
32925,3292,0,1,1,0,0,0,0,0,0,0,0
32935,3293,0,0,1,0,1,1,1,15,0,0,0
32945,3294,0,0,1,0,2,19,3,-6,0,0,0
32955,3295,0,0,1,0,3,311,6,43,0,0,0
32965,3296,0,0,1,0,4,4991,10,25,-15,21,0
32975,3297,0,0,1,0,5,14334,12,25,41,42,0
32985,3298,0,0,1,0,6,32748,12,25,34,28,0
32995,3299,0,0,1,0,7,65224,10,25,52,46,-21
33005,3300,0,0,1,0,8,60544,6,25,52,46,-77
33015,3301,0,0,1,0,9,51200,3,25,52,46,-75
33025,3302,0,0,0,0,9,32768,1,25,52,46,-93
33035,3303,0,0,0,1,9,32768,1,25,52,46,-93
33045,3304,0,1,1,0,0,0,0,0,0,0,0
33055,3305,0,0,1,0,1,1,1,-28,0,0,0
33065,3306,0,0,1,0,2,19,3,14,0,0,0
33075,3307,0,0,1,0,3,311,6,56,0,0,0
33085,3308,0,0,1,0,4,4991,10,53,-14,20,0
33095,3309,0,0,1,0,5,14334,12,53,-63,2,0
33105,3310,0,0,1,0,6,32748,12,53,-111,-40,0
33115,3311,0,0,1,0,7,65224,10,53,-93,-48,10
33125,3312,0,0,1,0,8,60544,6,53,-93,-48,31
33135,3313,0,0,1,0,9,51200,3,53,-93,-48,79
33145,3314,0,0,0,0,9,32768,1,53,-93,-48,127
33155,3315,0,0,0,1,9,32768,1,53,-93,-48,127
33165,3316,0,1,1,0,0,0,0,0,0,0,0
33175,3317,0,0,1,0,1,1,1,0,0,0,0
33185,3318,0,0,1,0,2,19,3,18,0,0,0
33195,3319,0,0,1,0,3,311,6,17,0,0,0
33205,3320,0,0,1,0,4,4991,10,17,0,16,0
33215,3321,0,0,1,0,5,14334,12,17,36,34,0
33225,3322,0,0,1,0,6,32748,12,17,41,29,0
33235,3323,0,0,1,0,7,65224,10,17,41,17,8
33245,3324,0,0,1,0,8,60544,6,17,41,17,44
33255,3325,0,0,1,0,9,51200,3,17,41,17,69
33265,3326,0,0,0,0,9,32768,1,17,41,17,105
33275,3327,0,0,0,1,9,32768,1,17,41,17,105
33285,3328,0,1,1,0,0,0,0,0,0,0,0
33295,3329,0,0,1,0,1,1,1,12,0,0,0
33305,3330,0,0,1,0,2,19,3,11,0,0,0
33315,3331,0,0,1,0,3,311,6,12,0,0,0
33325,3332,0,0,1,0,4,4991,10,8,-6,20,0
33335,3333,0,0,1,0,5,14334,12,8,-1,16,0
33345,3334,0,0,1,0,6,32748,12,8,-5,20,0
33355,3335,0,0,1,0,7,65224,10,8,9,8,-10
33365,3336,0,0,1,0,8,60544,6,8,9,8,10
33375,3337,0,0,1,0,9,51200,3,8,9,8,-6
33385,3338,0,0,0,0,9,32768,1,8,9,8,36
33395,3339,0,0,0,1,9,32768,1,8,9,8,36
33405,3340,0,1,1,0,0,0,0,0,0,0,0
33415,3341,0,0,1,0,1,1,1,4,0,0,0
33425,3342,0,0,1,0,2,19,3,46,0,0,0
33435,3343,0,0,1,0,3,311,6,58,0,0,0
33445,3344,0,0,1,0,4,4991,10,79,10,2,0
33455,3345,0,0,1,0,5,14334,12,79,22,-19,0
33465,3346,0,0,1,0,6,32748,12,79,58,-5,0
33475,3347,0,0,1,0,7,65224,10,79,37,-33,5
33485,3348,0,0,1,0,8,60544,6,79,37,-33,-1
33495,3349,0,0,1,0,9,51200,3,79,37,-33,41
33505,3350,0,0,0,0,9,32768,1,79,37,-33,69
33515,3351,0,0,0,1,9,32768,1,79,37,-33,69
33525,3352,0,1,1,0,0,0,0,0,0,0,0
33535,3353,0,0,1,0,1,1,1,28,0,0,0
33545,3354,0,0,1,0,2,19,3,12,0,0,0
33555,3355,0,0,1,0,3,311,6,-12,0,0,0
33565,3356,0,0,1,0,4,4991,10,-24,-24,-21,0
33575,3357,0,0,1,0,5,14334,12,-24,-8,-13,0
33585,3358,0,0,1,0,6,32748,12,-24,7,43,0
33595,3359,0,0,1,0,7,65224,10,-24,13,19,18
33605,3360,0,0,1,0,8,60544,6,-24,13,19,10
33615,3361,0,0,1,0,9,51200,3,-24,13,19,-25
33625,3362,0,0,0,0,9,32768,1,-24,13,19,-13
33635,3363,0,0,0,1,9,32768,1,-24,13,19,-13
33645,3364,0,1,1,0,0,0,0,0,0,0,0
33655,3365,0,0,1,0,1,1,1,-4,0,0,0
33665,3366,0,0,1,0,2,19,3,11,0,0,0
33675,3367,0,0,1,0,3,311,6,41,0,0,0
33685,3368,0,0,1,0,4,4991,10,83,2,8,0
33695,3369,0,0,1,0,5,14334,12,83,-22,-2,0
33705,3370,0,0,1,0,6,32748,12,83,-7,-8,0
33715,3371,0,0,1,0,7,65224,10,83,35,-20,-4
33725,3372,0,0,1,0,8,60544,6,83,35,-20,12
33735,3373,0,0,1,0,9,51200,3,83,35,-20,9
33745,3374,0,0,0,0,9,32768,1,83,35,-20,-3
33755,3375,0,0,0,1,9,32768,1,83,35,-20,-3
33765,3376,0,1,1,0,0,0,0,0,0,0,0
33775,3377,0,0,1,0,1,1,1,-64,0,0,0
33785,3378,0,0,1,0,2,19,3,-80,0,0,0
33795,3379,0,0,1,0,3,311,6,-110,0,0,0
33805,3380,0,0,1,0,4,4991,10,-86,64,-64,0
33815,3381,0,0,1,0,5,14334,12,-86,40,-92,0
33825,3382,0,0,1,0,6,32748,12,-86,88,-112,0
33835,3383,0,0,1,0,7,65224,10,-86,70,-144,64
33845,3384,0,0,1,0,8,60544,6,-86,70,-144,22
33855,3385,0,0,1,0,9,51200,3,-86,70,-144,54
33865,3386,0,0,0,0,9,32768,1,-86,70,-144,78
33875,3387,0,0,0,1,9,32768,1,-86,70,-144,78
33885,3388,0,1,1,0,0,0,0,0,0,0,0
33895,3389,0,0,1,0,1,1,1,21,0,0,0
33905,3390,0,0,1,0,2,19,3,31,0,0,0
33915,3391,0,0,1,0,3,311,6,-4,0,0,0
33925,3392,0,0,1,0,4,4991,10,-12,42,24,0
33935,3393,0,0,1,0,5,14334,12,-12,17,12,0
33945,3394,0,0,1,0,6,32748,12,-12,45,32,0
33955,3395,0,0,1,0,7,65224,10,-12,-3,38,48
33965,3396,0,0,1,0,8,60544,6,-12,-3,38,78
33975,3397,0,0,1,0,9,51200,3,-12,-3,38,62
33985,3398,0,0,0,0,9,32768,1,-12,-3,38,98
33995,3399,0,0,0,1,9,32768,1,-12,-3,38,98
34005,3400,0,1,1,0,0,0,0,0,0,0,0
34015,3401,0,0,1,0,1,1,1,56,0,0,0
34025,3402,0,0,1,0,2,19,3,49,0,0,0
34035,3403,0,0,1,0,3,311,6,113,0,0,0
34045,3404,0,0,1,0,4,4991,10,120,35,-56,0
34055,3405,0,0,1,0,5,14334,12,120,35,-28,0
34065,3406,0,0,1,0,6,32748,12,120,75,-36,0
34075,3407,0,0,1,0,7,65224,10,120,124,-29,-35
34085,3408,0,0,1,0,8,60544,6,120,124,-29,-35
34095,3409,0,0,1,0,9,51200,3,120,124,-29,-40
34105,3410,0,0,0,0,9,32768,1,120,124,-29,9
34115,3411,0,0,0,1,9,32768,1,120,124,-29,9
34125,3412,0,1,1,0,0,0,0,0,0,0,0
34135,3413,0,0,1,0,1,1,1,-12,0,0,0
34145,3414,0,0,1,0,2,19,3,-32,0,0,0
34155,3415,0,0,1,0,3,311,6,-40,0,0,0
34165,3416,0,0,1,0,4,4991,10,-35,-24,-12,0
34175,3417,0,0,1,0,5,14334,12,-35,-29,12,0
34185,3418,0,0,1,0,6,32748,12,-35,-45,12,0
34195,3419,0,0,1,0,7,65224,10,-35,-41,-3,-24
34205,3420,0,0,1,0,8,60544,6,-35,-41,-3,-18
34215,3421,0,0,1,0,9,51200,3,-35,-41,-3,-18
34225,3422,0,0,0,0,9,32768,1,-35,-41,-3,-30
34235,3423,0,0,0,1,9,32768,1,-35,-41,-3,-30
34245,3424,0,1,1,0,0,0,0,0,0,0,0
34255,3425,0,0,1,0,1,1,1,4,0,0,0
34265,3426,0,0,1,0,2,19,3,46,0,0,0
34275,3427,0,0,1,0,3,311,6,50,0,0,0
34285,3428,0,0,1,0,4,4991,10,34,4,-2,0
34295,3429,0,0,1,0,5,14334,12,34,-20,-37,0
34305,3430,0,0,1,0,6,32748,12,34,-28,-41,0
34315,3431,0,0,1,0,7,65224,10,34,-44,-33,-2
34325,3432,0,0,1,0,8,60544,6,34,-44,-33,18
34335,3433,0,0,1,0,9,51200,3,34,-44,-33,26
34345,3434,0,0,0,0,9,32768,1,34,-44,-33,34
34355,3435,0,0,0,1,9,32768,1,34,-44,-33,34
34365,3436,0,1,1,0,0,0,0,0,0,0,0
34375,3437,0,0,1,0,1,1,1,-6,0,0,0
34385,3438,0,0,1,0,2,19,3,22,0,0,0
34395,3439,0,0,1,0,3,311,6,4,0,0,0
34405,3440,0,0,1,0,4,4991,10,28,3,-18,0
34415,3441,0,0,1,0,5,14334,12,28,31,-32,0
34425,3442,0,0,1,0,6,32748,12,28,13,-74,0
34435,3443,0,0,1,0,7,65224,10,28,-8,-106,9
34445,3444,0,0,1,0,8,60544,6,28,-8,-106,-5
34455,3445,0,0,1,0,9,51200,3,28,-8,-106,-47
34465,3446,0,0,0,0,9,32768,1,28,-8,-106,-19
34475,3447,0,0,0,1,9,32768,1,28,-8,-106,-19
34485,3448,0,1,1,0,0,0,0,0,0,0,0
34495,3449,0,0,1,0,1,1,1,-6,0,0,0
34505,3450,0,0,1,0,2,19,3,-8,0,0,0
34515,3451,0,0,1,0,3,311,6,-48,0,0,0
34525,3452,0,0,1,0,4,4991,10,-97,7,6,0
34535,3453,0,0,1,0,5,14334,12,-97,13,10,0
34545,3454,0,0,1,0,6,32748,12,-97,-7,50,0
34555,3455,0,0,1,0,7,65224,10,-97,28,43,-7
34565,3456,0,0,1,0,8,60544,6,-97,28,43,-19
34575,3457,0,0,1,0,9,51200,3,-97,28,43,1
34585,3458,0,0,0,0,9,32768,1,-97,28,43,6
34595,3459,0,0,0,1,9,32768,1,-97,28,43,6
34605,3460,0,1,1,0,0,0,0,0,0,0,0
34615,3461,0,0,1,0,1,1,1,-3,0,0,0
34625,3462,0,0,1,0,2,19,3,-9,0,0,0
34635,3463,0,0,1,0,3,311,6,-11,0,0,0
34645,3464,0,0,1,0,4,4991,10,-11,4,21,0
34655,3465,0,0,1,0,5,14334,12,-11,-8,19,0
34665,3466,0,0,1,0,6,32748,12,-11,-14,35,0
34675,3467,0,0,1,0,7,65224,10,-11,-14,47,-28
34685,3468,0,0,1,0,8,60544,6,-11,-14,47,-32
34695,3469,0,0,1,0,9,51200,3,-11,-14,47,16
34705,3470,0,0,0,0,9,32768,1,-11,-14,47,-8
34715,3471,0,0,0,1,9,32768,1,-11,-14,47,-8
34725,3472,0,1,1,0,0,0,0,0,0,0,0
34735,3473,0,0,1,0,1,1,1,12,0,0,0
34745,3474,0,0,1,0,2,19,3,-13,0,0,0
34755,3475,0,0,1,0,3,311,6,-55,0,0,0
34765,3476,0,0,1,0,4,4991,10,-76,-42,-10,0
34775,3477,0,0,1,0,5,14334,12,-76,-2,15,0
34785,3478,0,0,1,0,6,32748,12,-76,-37,-27,0
34795,3479,0,0,1,0,7,65224,10,-76,-46,-20,35
34805,3480,0,0,1,0,8,60544,6,-76,-46,-20,-5
34815,3481,0,0,1,0,9,51200,3,-76,-46,-20,-40
34825,3482,0,0,0,0,9,32768,1,-76,-46,-20,-37
34835,3483,0,0,0,1,9,32768,1,-76,-46,-20,-37
34845,3484,0,1,1,0,0,0,0,0,0,0,0
34855,3485,0,0,1,0,1,1,1,64,0,0,0
34865,3486,0,0,1,0,2,19,3,43,0,0,0
34875,3487,0,0,1,0,3,311,6,19,0,0,0
34885,3488,0,0,1,0,4,4991,10,7,8,-16,0
34895,3489,0,0,1,0,5,14334,12,7,2,12,0
34905,3490,0,0,1,0,6,32748,12,7,66,36,0
34915,3491,0,0,1,0,7,65224,10,7,82,33,-2
34925,3492,0,0,1,0,8,60544,6,7,82,33,6
34935,3493,0,0,1,0,9,51200,3,7,82,33,-58
34945,3494,0,0,0,0,9,32768,1,7,82,33,-54
34955,3495,0,0,0,1,9,32768,1,7,82,33,-54
34965,3496,0,1,1,0,0,0,0,0,0,0,0
34975,3497,0,0,1,0,1,1,1,21,0,0,0
34985,3498,0,0,1,0,2,19,3,25,0,0,0
34995,3499,0,0,1,0,3,311,6,-39,0,0,0
35005,3500,0,0,1,0,4,4991,10,-25,-18,-56,0
35015,3501,0,0,1,0,5,14334,12,-25,-16,-42,0
35025,3502,0,0,1,0,6,32748,12,-25,40,-42,0
35035,3503,0,0,1,0,7,65224,10,-25,56,-35,48
35045,3504,0,0,1,0,8,60544,6,-25,56,-35,55
35055,3505,0,0,1,0,9,51200,3,-25,56,-35,55
35065,3506,0,0,0,0,9,32768,1,-25,56,-35,63
35075,3507,0,0,0,1,9,32768,1,-25,56,-35,63
35085,3508,0,1,1,0,0,0,0,0,0,0,0
35095,3509,0,0,1,0,1,1,1,6,0,0,0
35105,3510,0,0,1,0,2,19,3,-50,0,0,0
35115,3511,0,0,1,0,3,311,6,-58,0,0,0
35125,3512,0,0,1,0,4,4991,10,-37,-8,-18,0
35135,3513,0,0,1,0,5,14334,12,-37,-40,-32,0
35145,3514,0,0,1,0,6,32748,12,-37,-72,-22,0
35155,3515,0,0,1,0,7,65224,10,-37,-51,-40,24
35165,3516,0,0,1,0,8,60544,6,-37,-51,-40,16
35175,3517,0,0,1,0,9,51200,3,-37,-51,-40,56
35185,3518,0,0,0,0,9,32768,1,-37,-51,-40,38
35195,3519,0,0,0,1,9,32768,1,-37,-51,-40,38
35205,3520,0,1,1,0,0,0,0,0,0,0,0
35215,3521,0,0,1,0,1,1,1,-9,0,0,0
35225,3522,0,0,1,0,2,19,3,-25,0,0,0
35235,3523,0,0,1,0,3,311,6,3,0,0,0
35245,3524,0,0,1,0,4,4991,10,51,21,-6,0
35255,3525,0,0,1,0,5,14334,12,51,13,-18,0
35265,3526,0,0,1,0,6,32748,12,51,41,-26,0
35275,3527,0,0,1,0,7,65224,10,51,83,-34,14
35285,3528,0,0,1,0,8,60544,6,51,83,-34,8
35295,3529,0,0,1,0,9,51200,3,51,83,-34,0
35305,3530,0,0,0,0,9,32768,1,51,83,-34,-7
35315,3531,0,0,0,1,9,32768,1,51,83,-34,-7
35325,3532,0,1,1,0,0,0,0,0,0,0,0
35335,3533,0,0,1,0,1,1,1,8,0,0,0
35345,3534,0,0,1,0,2,19,3,8,0,0,0
35355,3535,0,0,1,0,3,311,6,7,0,0,0
35365,3536,0,0,1,0,4,4991,10,27,0,10,0
35375,3537,0,0,1,0,5,14334,12,27,0,31,0
35385,3538,0,0,1,0,6,32748,12,27,3,29,0
35395,3539,0,0,1,0,7,65224,10,27,38,41,0
35405,3540,0,0,1,0,8,60544,6,27,38,41,42
35415,3541,0,0,1,0,9,51200,3,27,38,41,48
35425,3542,0,0,0,0,9,32768,1,27,38,41,69
35435,3543,0,0,0,1,9,32768,1,27,38,41,69
35445,3544,0,1,1,0,0,0,0,0,0,0,0
35455,3545,0,0,1,0,1,1,1,-8,0,0,0
35465,3546,0,0,1,0,2,19,3,24,0,0,0
35475,3547,0,0,1,0,3,311,6,80,0,0,0
35485,3548,0,0,1,0,4,4991,10,85,-24,16,0
35495,3549,0,0,1,0,5,14334,12,85,-8,-4,0
35505,3550,0,0,1,0,6,32748,12,85,56,38,0
35515,3551,0,0,1,0,7,65224,10,85,60,23,48
35525,3552,0,0,1,0,8,60544,6,85,60,23,38
35535,3553,0,0,1,0,9,51200,3,85,60,23,86
35545,3554,0,0,0,0,9,32768,1,85,60,23,74
35555,3555,0,0,0,1,9,32768,1,85,60,23,74
35565,3556,0,1,1,0,0,0,0,0,0,0,0
35575,3557,0,0,1,0,1,1,1,0,0,0,0
35585,3558,0,0,1,0,2,19,3,7,0,0,0
35595,3559,0,0,1,0,3,311,6,14,0,0,0
35605,3560,0,0,1,0,4,4991,10,8,0,9,0
35615,3561,0,0,1,0,5,14334,12,8,-35,12,0
35625,3562,0,0,1,0,6,32748,12,8,-33,40,0
35635,3563,0,0,1,0,7,65224,10,8,-33,19,-3
35645,3564,0,0,1,0,8,60544,6,8,-33,19,-18
35655,3565,0,0,1,0,9,51200,3,8,-33,19,-10
35665,3566,0,0,0,0,9,32768,1,8,-33,19,-10
35675,3567,0,0,0,1,9,32768,1,8,-33,19,-10
35685,3568,0,1,1,0,0,0,0,0,0,0,0
35695,3569,0,0,1,0,1,1,1,-16,0,0,0
35705,3570,0,0,1,0,2,19,3,2,0,0,0
35715,3571,0,0,1,0,3,311,6,2,0,0,0
35725,3572,0,0,1,0,4,4991,10,2,56,12,0
35735,3573,0,0,1,0,5,14334,12,2,56,-18,0
35745,3574,0,0,1,0,6,32748,12,2,56,46,0
35755,3575,0,0,1,0,7,65224,10,2,56,10,-42
35765,3576,0,0,1,0,8,60544,6,2,56,10,-42
35775,3577,0,0,1,0,9,51200,3,2,56,10,6
35785,3578,0,0,0,0,9,32768,1,2,56,10,0
35795,3579,0,0,0,1,9,32768,1,2,56,10,0
35805,3580,0,1,1,0,0,0,0,0,0,0,0
35815,3581,0,0,1,0,1,1,1,6,0,0,0
35825,3582,0,0,1,0,2,19,3,13,0,0,0
35835,3583,0,0,1,0,3,311,6,10,0,0,0
35845,3584,0,0,1,0,4,4991,10,66,12,9,0
35855,3585,0,0,1,0,5,14334,12,66,15,-47,0
35865,3586,0,0,1,0,6,32748,12,66,-9,-52,0
35875,3587,0,0,1,0,7,65224,10,66,55,-66,18
35885,3588,0,0,1,0,8,60544,6,66,55,-66,-6
35895,3589,0,0,1,0,9,51200,3,66,55,-66,-46
35905,3590,0,0,0,0,9,32768,1,66,55,-66,-62
35915,3591,0,0,0,1,9,32768,1,66,55,-66,-62
35925,3592,0,1,1,0,0,0,0,0,0,0,0
35935,3593,0,0,1,0,1,1,1,4,0,0,0
35945,3594,0,0,1,0,2,19,3,19,0,0,0
35955,3595,0,0,1,0,3,311,6,35,0,0,0
35965,3596,0,0,1,0,4,4991,10,56,0,-24,0
35975,3597,0,0,1,0,5,14334,12,56,12,-14,0
35985,3598,0,0,1,0,6,32748,12,56,6,-38,0
35995,3599,0,0,1,0,7,65224,10,56,18,-38,0
36005,3600,0,0,1,0,8,60544,6,56,18,-38,8
36015,3601,0,0,1,0,9,51200,3,56,18,-38,17
36025,3602,0,0,0,0,9,32768,1,56,18,-38,17
36035,3603,0,0,0,1,9,32768,1,56,18,-38,17
36045,3604,0,1,1,0,0,0,0,0,0,0,0
36055,3605,0,0,1,0,1,1,1,30,0,0,0
36065,3606,0,0,1,0,2,19,3,42,0,0,0
36075,3607,0,0,1,0,3,311,6,37,0,0,0
36085,3608,0,0,1,0,4,4991,10,12,-42,-10,0
36095,3609,0,0,1,0,5,14334,12,12,-36,-52,0
36105,3610,0,0,1,0,6,32748,12,12,-66,-51,0
36115,3611,0,0,1,0,7,65224,10,12,-36,-66,14
36125,3612,0,0,1,0,8,60544,6,12,-36,-66,-7
36135,3613,0,0,1,0,9,51200,3,12,-36,-66,-1
36145,3614,0,0,0,0,9,32768,1,12,-36,-66,17
36155,3615,0,0,0,1,9,32768,1,12,-36,-66,17
36165,3616,0,1,1,0,0,0,0,0,0,0,0
36175,3617,0,0,1,0,1,1,1,-6,0,0,0
36185,3618,0,0,1,0,2,19,3,42,0,0,0
36195,3619,0,0,1,0,3,311,6,-7,0,0,0
36205,3620,0,0,1,0,4,4991,10,-7,6,12,0
36215,3621,0,0,1,0,5,14334,12,-7,-30,-44,0
36225,3622,0,0,1,0,6,32748,12,-7,19,-37,0
36235,3623,0,0,1,0,7,65224,10,-7,19,-40,-12
36245,3624,0,0,1,0,8,60544,6,-7,19,-40,30
36255,3625,0,0,1,0,9,51200,3,-7,19,-40,23
36265,3626,0,0,0,0,9,32768,1,-7,19,-40,47
36275,3627,0,0,0,1,9,32768,1,-7,19,-40,47
36285,3628,0,1,1,0,0,0,0,0,0,0,0
36295,3629,0,0,1,0,1,1,1,0,0,0,0
36305,3630,0,0,1,0,2,19,3,-15,0,0,0
36315,3631,0,0,1,0,3,311,6,-57,0,0,0
36325,3632,0,0,1,0,4,4991,10,-99,0,-64,0
36335,3633,0,0,1,0,5,14334,12,-99,-21,-59,0
36345,3634,0,0,1,0,6,32748,12,-99,-28,-107,0
36355,3635,0,0,1,0,7,65224,10,-99,21,-101,16
36365,3636,0,0,1,0,8,60544,6,-99,21,-101,23
36375,3637,0,0,1,0,9,51200,3,-99,21,-101,15
36385,3638,0,0,0,0,9,32768,1,-99,21,-101,8
36395,3639,0,0,0,1,9,32768,1,-99,21,-101,8
36405,3640,0,1,1,0,0,0,0,0,0,0,0
36415,3641,0,0,1,0,1,1,1,5,0,0,0
36425,3642,0,0,1,0,2,19,3,-5,0,0,0
36435,3643,0,0,1,0,3,311,6,-19,0,0,0
36445,3644,0,0,1,0,4,4991,10,-10,-3,10,0
36455,3645,0,0,1,0,5,14334,12,-10,-33,14,0
36465,3646,0,0,1,0,6,32748,12,-10,-40,28,0
36475,3647,0,0,1,0,7,65224,10,-10,-31,40,-6
36485,3648,0,0,1,0,8,60544,6,-10,-31,40,6
36495,3649,0,0,1,0,9,51200,3,-10,-31,40,13
36505,3650,0,0,0,0,9,32768,1,-10,-31,40,25
36515,3651,0,0,0,1,9,32768,1,-10,-31,40,25
